Workbook

Sheet Notas
A1: EVPI Quito: diferencia en diferencias por administración zonal (2023-2024 vs. 2025-2026)
A3: Qué se estima
A4: Para cada indicador y cada administración zonal (AZ), DiD = (media 2025 en la AZ − media 2023 en la AZ) − (media 2025 en el resto del DMQ − media 2023 en el resto).
A5: Equivale al coeficiente de la interacción en y = a + b·AZ + c·Post + DiD·(AZ×Post), estimado por MCP con pesos = peso_az_estrato.
A6: Todos los indicadores son proporciones (0/1), así que el DiD se expresa en puntos porcentuales (pp). Un DiD positivo significa que el indicador subió más (o bajó menos) en la AZ que en el resto del DMQ.
A7: No se etiqueta "mejoró/empeoró": el signo describe la dirección del indicador. Los colores (azul/naranja) indican solo la dirección.
A9: Inferencia
A10: Errores estándar robustos HC1 con pesos (equivalente a regress [pw], robust en Stata). No se corrige por conglomerados ni estratos del diseño muestral: los IC son probablemente algo estrechos.
A11: Valor p con aproximación normal. q_BH: valor q de Benjamini-Hochberg entre las 10 AZ de cada indicador (hoja Detalle), útil porque se hacen 560 contrastes.
A12: Las 10 comparaciones "AZ vs. resto" de un mismo indicador no son independientes: el resto de cada AZ contiene a las otras nueve.
A14: Construcción de indicadores
A15: Percepción (bloque A): % "Muy inseguro + Inseguro"; excluye "No aplica". PSC_10 (buses) se excluye porque no es comparable entre olas.
... A35: Fuente: EVPI 2023-2024 y 2025-2026, OMSCGR (archivo EVPI_2024_2026_VF_1.xlsx). Cálculos propios en Python (statsmodels).

Sheet Resumen
A1: DiD (pp) por administración zonal vs. resto del DMQ, 2023-2024 → 2025-2026
A2: Negrita con borde = p<0,05. Azul: el indicador bajó más (o subió menos) que en el resto; naranja: subió más (o bajó menos). Sin valoración normativa.
A4: Bloque | B4: Indicador | C4: Calderón | D4: Choco Andino | E4: Eloy Alfaro | F4: Eugenio Espejo | G4: La Delicia | H4: La Mariscal | I4: Los Chillos | J4: Manuela Sáenz | K4: Quitumbe | L4: Tumbaco | N4: p · Calderón | O4: p · Choco Andino | P4: p · Eloy Alfaro | Q4: p · Eugenio Espejo | R4: p · La Delicia | S4: p · La Mariscal | T4: p · Los Chillos | U4: p · Manuela Sáenz | V4: p · Quitumbe | W4: p · Tumbaco
A5: A. Percepción de inseguridad
A6: PSC_1 | B6: Inseguro: Alrededor de su casa | C6: =Calderón!K6 -> -7.0605035 | D6: ='Choco Andino'!K6 -> -0.6164116 | E6: ='Eloy Alfaro'!K6 -> 0.72685117 | F6: ='Eugenio Espejo'!K6 -> -6.9621469 | G6: ='La Delicia'!K6 -> -9.2638498 | H6: ='La Mariscal'!K6 -> -10.394678 | I6: ='Los Chillos'!K6 -> 29.316178 | J6: ='Manuela Sáenz'!K6 -> 2.4232325 | K6: =Quitumbe!K6 -> -4.7393197 | L6: =Tumbaco!K6 -> 3.713087 | N6: =Calderón!O6 -> 0.060876479 | O6: ='Choco Andino'!O6 -> 0.90858457 | P6: ='Eloy Alfaro'!O6 -> 0.85233414 | Q6: ='Eugenio Espejo'!O6 -> 0.120583 | R6: ='La Delicia'!O6 -> 0.02817088 | S6: ='La Mariscal'!O6 -> 0.06213025 | T6: ='Los Chillos'!O6 -> 3.2211789e-10 | U6: ='Manuela Sáenz'!O6 -> 0.54380629 | V6: =Quitumbe!O6 -> 0.275708 | W6: =Tumbaco!O6 -> 0.34555306
A7: PSC_2 | B7: Inseguro: En su barrio | C7: =Calderón!K7 -> -2.5622867 | D7: ='Choco Andino'!K7 -> 0.96405189 | E7: ='Eloy Alfaro'!K7 -> -0.50266756 | F7: ='Eugenio Espejo'!K7 -> -3.1786121 | G7: ='La Delicia'!K7 -> -6.285092 | H7: ='La Mariscal'!K7 -> -14.218424 | I7: ='Los Chillos'!K7 -> 25.260113 | J7: ='Manuela Sáenz'!K7 -> -5.470529 | K7: =Quitumbe!K7 -> -5.0700655 | L7: =Tumbaco!K7 -> 7.0886198 | N7: =Calderón!O7 -> 0.46407796 | O7: ='Choco Andino'!O7 -> 0.86269857 | P7: ='Eloy Alfaro'!O7 -> 0.89092722 | Q7: ='Eugenio Espejo'!O7 -> 0.4759885 | R7: ='La Delicia'!O7 -> 0.11696099 | S7: ='La Mariscal'!O7 -> 0.00468874 | T7: ='Los Chillos'!O7 -> 9.836704e-07 | U7: ='Manuela Sáenz'!O7 -> 0.15093165 | V7: =Quitumbe!O7 -> 0.23193202 | W7: =Tumbaco!O7 -> 0.067155169
A8: PSC_4 | B8: Inseguro: Cerca de centros educativos | C8: =Calderón!K8 -> 1.5406063 | D8: ='Choco Andino'!K8 -> -3.8260806 | E8: ='Eloy Alfaro'!K8 -> 0.14453204 | F8: ='Eugenio Espejo'!K8 -> -4.2972947 | G8: ='La Delicia'!K8 -> -11.157653 | H8: ='La Mariscal'!K8 -> -0.099893807 | I8: ='Los Chillos'!K8 -> 25.745542 | J8: ='Manuela Sáenz'!K8 -> 6.1776317 | K8: =Quitumbe!K8 -> -16.082573 | L8: =Tumbaco!K8 -> 11.689963 | N8: =Calderón!O8 -> 0.69716678 | O8: ='Choco Andino'!O8 -> 0.524085 | P8: ='Eloy Alfaro'!O8 -> 0.9719886 | Q8: ='Eugenio Espejo'!O8 -> 0.36759915 | R8: ='La Delicia'!O8 -> 0.012743111 | S8: ='La Mariscal'!O8 -> 0.98618141 | T8: ='Los Chillos'!O8 -> 3.2407807e-06 | U8: ='Manuela Sáenz'!O8 -> 0.14927593 | V8: =Quitumbe!O8 -> 0.00012847048 | W8: =Tumbaco!O8 -> 0.0053129869
A9: PSC_5 | B9: Inseguro: Mercados y ferias | C9: =Calderón!K9 -> -6.7890444 | D9: ='Choco Andino'!K9 -> 2.6414146 | E9: ='Eloy Alfaro'!K9 -> -1.71051 | F9: ='Eugenio Espejo'!K9 -> -6.2944271 | G9: ='La Delicia'!K9 -> -3.0101267 | H9: ='La Mariscal'!K9 -> 0.27376835 | I9: ='Los Chillos'!K9 -> 5.6994622 | J9: ='Manuela Sáenz'!K9 -> 7.4962147 | K9: =Quitumbe!K9 -> -2.1782668 | L9: =Tumbaco!K9 -> 11.706419 | N9: =Calderón!O9 -> 0.053180443 | O9: ='Choco Andino'!O9 -> 0.69844673 | P9: ='Eloy Alfaro'!O9 -> 0.62190428 | Q9: ='Eugenio Espejo'!O9 -> 0.18485696 | R9: ='La Delicia'!O9 -> 0.48860169 | S9: ='La Mariscal'!O9 -> 0.9562066 | T9: ='Los Chillos'!O9 -> 0.14305942 | U9: ='Manuela Sáenz'!O9 -> 0.026230679 | V9: =Quitumbe!O9 -> 0.54198872 | W9: =Tumbaco!O9 -> 0.001355679
A10: PSC_6 | B10: Inseguro: Cajeros en vía pública | C10: =Calderón!K10 -> -3.9798866 | D10: ='Choco Andino'!K10 -> -8.0024667 | E10: ='Eloy Alfaro'!K10 -> -1.72421 | F10: ='Eugenio Espejo'!K10 -> 3.8783241 | G10: ='La Delicia'!K10 -> -0.46826442 | H10: ='La Mariscal'!K10 -> -2.2516766 | I10: ='Los Chillos'!K10 -> 10.969601 | J10: ='Manuela Sáenz'!K10 -> -3.4597414 | K10: =Quitumbe!K10 -> -5.5929555 | L10: =Tumbaco!K10 -> 3.6240068 | N10: =Calderón!O10 -> 0.27624956 | O10: ='Choco Andino'!O10 -> 0.28420142 | P10: ='Eloy Alfaro'!O10 -> 0.63629703 | Q10: ='Eugenio Espejo'!O10 -> 0.41174302 | R10: ='La Delicia'!O10 -> 0.91546025 | S10: ='La Mariscal'!O10 -> 0.64660486 | T10: ='Los Chillos'!O10 -> 0.0036373028 | U10: ='Manuela Sáenz'!O10 -> 0.31167436 | V10: =Quitumbe!O10 -> 0.10705788 | W10: =Tumbaco!O10 -> 0.27471519
A11: PSC_7 | B11: Inseguro: Espacios públicos de la ciudad | C11: =Calderón!K11 -> 0.9420992 | D11: ='Choco Andino'!K11 -> -1.468891 | E11: ='Eloy Alfaro'!K11 -> -0.64024005 | F11: ='Eugenio Espejo'!K11 -> -2.0969778 | G11: ='La Delicia'!K11 -> -2.8667792 | H11: ='La Mariscal'!K11 -> -8.7668851 | I11: ='Los Chillos'!K11 -> 5.3908115 | J11: ='Manuela Sáenz'!K11 -> -2.7113515 | K11: =Quitumbe!K11 -> -4.1469034 | L11: =Tumbaco!K11 -> 13.553436 | N11: =Calderón!O11 -> 0.7787773 | O11: ='Choco Andino'!O11 -> 0.81202081 | P11: ='Eloy Alfaro'!O11 -> 0.83188232 | Q11: ='Eugenio Espejo'!O11 -> 0.61534929 | R11: ='La Delicia'!O11 -> 0.38876565 | S11: ='La Mariscal'!O11 -> 0.074283537 | T11: ='Los Chillos'!O11 -> 0.13780331 | U11: ='Manuela Sáenz'!O11 -> 0.35796982 | V11: =Quitumbe!O11 -> 0.2004472 | W11: =Tumbaco!O11 -> 2.5224133e-05
A12: PSC_8 | B12: Inseguro: Metro de Quito | C12: =Calderón!K12 -> -7.8302994 | D12: ='Choco Andino'!K12 -> -11.739828 | E12: ='Eloy Alfaro'!K12 -> 4.1855606 | F12: ='Eugenio Espejo'!K12 -> -1.273513 | G12: ='La Delicia'!K12 -> 2.8699899 | H12: ='La Mariscal'!K12 -> -11.966673 | I12: ='Los Chillos'!K12 -> 0.51090775 | J12: ='Manuela Sáenz'!K12 -> -5.6426368 | K12: =Quitumbe!K12 -> 8.3591532 | L12: =Tumbaco!K12 -> 15.001522 | N12: =Calderón!O12 -> 0.05681009 | O12: ='Choco Andino'!O12 -> 0.14917293 | P12: ='Eloy Alfaro'!O12 -> 0.19751115 | Q12: ='Eugenio Espejo'!O12 -> 0.75862821 | R12: ='La Delicia'!O12 -> 0.50861878 | S12: ='La Mariscal'!O12 -> 0.022498949 | T12: ='Los Chillos'!O12 -> 0.90984981 | U12: ='Manuela Sáenz'!O12 -> 0.14674271 | V12: =Quitumbe!O12 -> 0.033916208 | W12: =Tumbaco!O12 -> 0.0012583943
A13: PSC_9 | B13: Inseguro: Trole, Ecovía, corredores | C13: =Calderón!K13 -> -3.9975626 | D13: ='Choco Andino'!K13 -> 21.100649 | E13: ='Eloy Alfaro'!K13 -> -13.484234 | F13: ='Eugenio Espejo'!K13 -> 3.6699587 | G13: ='La Delicia'!K13 -> 1.8785233 | H13: ='La Mariscal'!K13 -> -2.9357133 | I13: ='Los Chillos'!K13 -> 11.188881 | J13: ='Manuela Sáenz'!K13 -> -2.0597364 | K13: =Quitumbe!K13 -> 1.2491972 | L13: =Tumbaco!K13 -> 11.251772 | N13: =Calderón!O13 -> 0.15508319 | O13: ='Choco Andino'!O13 -> 0.00044295971 | P13: ='Eloy Alfaro'!O13 -> 1.7180714e-05 | Q13: ='Eugenio Espejo'!O13 -> 0.30895102 | R13: ='La Delicia'!O13 -> 0.51861389 | S13: ='La Mariscal'!O13 -> 0.42332292 | T13: ='Los Chillos'!O13 -> 0.0015307435 | U13: ='Manuela Sáenz'!O13 -> 0.50116996 | V13: =Quitumbe!O13 -> 0.7013284 | W13: =Tumbaco!O13 -> 0.00034452699
A14: PSC_11 | B14: Inseguro: Taxis amarillos | C14: =Calderón!K14 -> -6.0586596 | D14: ='Choco Andino'!K14 -> 0.17260022 | E14: ='Eloy Alfaro'!K14 -> -5.838113 | F14: ='Eugenio Espejo'!K14 -> 1.6406935 | G14: ='La Delicia'!K14 -> -6.2131383 | H14: ='La Mariscal'!K14 -> -9.6473978 | I14: ='Los Chillos'!K14 -> 7.5222869 | J14: ='Manuela Sáenz'!K14 -> 1.9056714 | K14: =Quitumbe!K14 -> 2.5249463 | L14: =Tumbaco!K14 -> 12.670886 | N14: =Calderón!O14 -> 0.12753108 | O14: ='Choco Andino'!O14 -> 0.98003488 | P14: ='Eloy Alfaro'!O14 -> 0.13017642 | Q14: ='Eugenio Espejo'!O14 -> 0.72017513 | R14: ='La Delicia'!O14 -> 0.14308195 | S14: ='La Mariscal'!O14 -> 0.081178489 | T14: ='Los Chillos'!O14 -> 0.13203725 | U14: ='Manuela Sáenz'!O14 -> 0.65489745 | V14: =Quitumbe!O14 -> 0.61308127 | W14: =Tumbaco!O14 -> 0.0022083317
A15: PSC_12 | B15: Inseguro: Transporte por aplicaciones | C15: =Calderón!K15 -> -7.0928404 | D15: ='Choco Andino'!K15 -> -10.876536 | E15: ='Eloy Alfaro'!K15 -> -5.2131664 | F15: ='Eugenio Espejo'!K15 -> 4.0260622 | G15: ='La Delicia'!K15 -> 4.5058667 | H15: ='La Mariscal'!K15 -> -11.689821 | I15: ='Los Chillos'!K15 -> -2.0748227 | J15: ='Manuela Sáenz'!K15 -> -1.4465784 | K15: =Quitumbe!K15 -> 7.6765582 | L15: =Tumbaco!K15 -> 6.6157727 | N15: =Calderón!O15 -> 0.10953872 | O15: ='Choco Andino'!O15 -> 0.16741562 | P15: ='Eloy Alfaro'!O15 -> 0.23139199 | Q15: ='Eugenio Espejo'!O15 -> 0.42339632 | R15: ='La Delicia'!O15 -> 0.36286167 | S15: ='La Mariscal'!O15 -> 0.038497992 | T15: ='Los Chillos'!O15 -> 0.72294522 | U15: ='Manuela Sáenz'!O15 -> 0.7509748 | V15: =Quitumbe!O15 -> 0.15216751 | W15: =Tumbaco!O15 -> 0.13550074
A16: PSC_13 | B16: Inseguro: Espectáculos públicos | C16: =Calderón!K16 -> -1.6538753 | D16: ='Choco Andino'!K16 -> 9.3274662 | E16: ='Eloy Alfaro'!K16 -> -1.0705723 | F16: ='Eugenio Espejo'!K16 -> -4.5596966 | G16: ='La Delicia'!K16 -> 8.2323016 | H16: ='La Mariscal'!K16 -> -13.31936 | I16: ='Los Chillos'!K16 -> 11.192107 | J16: ='Manuela Sáenz'!K16 -> -5.3075528 | K16: =Quitumbe!K16 -> -9.1973317 | L16: =Tumbaco!K16 -> 12.734067 | N16: =Calderón!O16 -> 0.69413183 | O16: ='Choco Andino'!O16 -> 0.20631422 | P16: ='Eloy Alfaro'!O16 -> 0.79445582 | Q16: ='Eugenio Espejo'!O16 -> 0.36648595 | R16: ='La Delicia'!O16 -> 0.10271276 | S16: ='La Mariscal'!O16 -> 0.022986863 | T16: ='Los Chillos'!O16 -> 0.012590741 | U16: ='Manuela Sáenz'!O16 -> 0.17371806 | V16: =Quitumbe!O16 -> 0.062678848 | W16: =Tumbaco!O16 -> 0.0018024023
A17: PSC_14 | B17: Inseguro: Caminando solo/a en el barrio de día | C17: =Calderón!K17 -> -6.5455782 | D17: ='Choco Andino'!K17 -> 0.92651335 | E17: ='Eloy Alfaro'!K17 -> -4.1889551 | F17: ='Eugenio Espejo'!K17 -> -4.4584027 | G17: ='La Delicia'!K17 -> -2.3338472 | H17: ='La Mariscal'!K17 -> -6.1184866 | I17: ='Los Chillos'!K17 -> 15.650194 | J17: ='Manuela Sáenz'!K17 -> -4.7554066 | K17: =Quitumbe!K17 -> 6.9340056 | L17: =Tumbaco!K17 -> 1.8557821 | N17: =Calderón!O17 -> 0.10428858 | O17: ='Choco Andino'!O17 -> 0.82924732 | P17: ='Eloy Alfaro'!O17 -> 0.29638242 | Q17: ='Eugenio Espejo'!O17 -> 0.31816177 | R17: ='La Delicia'!O17 -> 0.59154273 | S17: ='La Mariscal'!O17 -> 0.25052144 | T17: ='Los Chillos'!O17 -> 0.00074198318 | U17: ='Manuela Sáenz'!O17 -> 0.23142908 | V17: =Quitumbe!O17 -> 0.14230051 | W17: =Tumbaco!O17 -> 0.64060006
A18: PSC_15 | B18: Inseguro: Caminando solo/a en el barrio de noche | C18: =Calderón!K18 -> -0.98284736 | D18: ='Choco Andino'!K18 -> -4.3039657 | E18: ='Eloy Alfaro'!K18 -> -2.9174615 | F18: ='Eugenio Espejo'!K18 -> -4.6039204 | G18: ='La Delicia'!K18 -> -3.409113 | H18: ='La Mariscal'!K18 -> -1.1870655 | I18: ='Los Chillos'!K18 -> 15.866311 | J18: ='Manuela Sáenz'!K18 -> -4.0195062 | K18: =Quitumbe!K18 -> -6.086222 | L18: =Tumbaco!K18 -> 14.020138 | N18: =Calderón!O18 -> 0.68004789 | O18: ='Choco Andino'!O18 -> 0.48095048 | P18: ='Eloy Alfaro'!O18 -> 0.32751189 | Q18: ='Eugenio Espejo'!O18 -> 0.24115605 | R18: ='La Delicia'!O18 -> 0.24902686 | S18: ='La Mariscal'!O18 -> 0.75280084 | T18: ='Los Chillos'!O18 -> 1.9301902e-06 | U18: ='Manuela Sáenz'!O18 -> 0.12915914 | V18: =Quitumbe!O18 -> 0.019202069 | W18: =Tumbaco!O18 -> 2.6269429e-06
A19: B. Evolución percibida de la delincuencia
A20: PSC_16 | B20: Delincuencia aumentó en su barrio | C20: =Calderón!K20 -> -0.26845215 | D20: ='Choco Andino'!K20 -> 10.517586 | E20: ='Eloy Alfaro'!K20 -> -8.7995251 | F20: ='Eugenio Espejo'!K20 -> 2.4222344 | G20: ='La Delicia'!K20 -> -6.6802582 | H20: ='La Mariscal'!K20 -> -6.261804 | I20: ='Los Chillos'!K20 -> 15.497275 | J20: ='Manuela Sáenz'!K20 -> 4.9777614 | K20: =Quitumbe!K20 -> -8.1503639 | L20: =Tumbaco!K20 -> 11.671601 | N20: =Calderón!O20 -> 0.94396505 | O20: ='Choco Andino'!O20 -> 0.06463264 | P20: ='Eloy Alfaro'!O20 -> 0.024036806 | Q20: ='Eugenio Espejo'!O20 -> 0.59388113 | R20: ='La Delicia'!O20 -> 0.11714891 | S20: ='La Mariscal'!O20 -> 0.23835025 | T20: ='Los Chillos'!O20 -> 0.0035212213 | U20: ='Manuela Sáenz'!O20 -> 0.21983126 | V20: =Quitumbe!O20 -> 0.066719566 | W20: =Tumbaco!O20 -> 0.003233572
A21: PSC_17 | B21: Delincuencia aumentó en Quito | C21: =Calderón!K21 -> 3.7684179 | D21: ='Choco Andino'!K21 -> 2.4241185 | E21: ='Eloy Alfaro'!K21 -> -5.0087285 | F21: ='Eugenio Espejo'!K21 -> -1.20759 | G21: ='La Delicia'!K21 -> -2.962634 | H21: ='La Mariscal'!K21 -> -3.0486372 | I21: ='Los Chillos'!K21 -> 7.6853589 | J21: ='Manuela Sáenz'!K21 -> 1.0531266 | K21: =Quitumbe!K21 -> -0.078178399 | L21: =Tumbaco!K21 -> 5.81596 | N21: =Calderón!O21 -> 0.080827531 | O21: ='Choco Andino'!O21 -> 0.37949014 | P21: ='Eloy Alfaro'!O21 -> 0.042352507 | Q21: ='Eugenio Espejo'!O21 -> 0.69201401 | R21: ='La Delicia'!O21 -> 0.24531803 | S21: ='La Mariscal'!O21 -> 0.30285915 | T21: ='Los Chillos'!O21 -> 0.24072244 | U21: ='Manuela Sáenz'!O21 -> 0.65154166 | V21: =Quitumbe!O21 -> 0.97742638 | W21: =Tumbaco!O21 -> 0.021220323
A22: PSC_18 | B22: Delincuencia aumentó en el país | C22: =Calderón!K22 -> 5.3055648 | D22: ='Choco Andino'!K22 -> -1.0764508 | E22: ='Eloy Alfaro'!K22 -> -6.2683682 | F22: ='Eugenio Espejo'!K22 -> 0.39168396 | G22: ='La Delicia'!K22 -> -0.19427662 | H22: ='La Mariscal'!K22 -> 2.4232625 | I22: ='Los Chillos'!K22 -> 1.0836233 | J22: ='Manuela Sáenz'!K22 -> -0.63043338 | K22: =Quitumbe!K22 -> -1.0586526 | L22: =Tumbaco!K22 -> 6.5289624 | N22: =Calderón!O22 -> 0.0052910953 | O22: ='Choco Andino'!O22 -> 0.63505596 | P22: ='Eloy Alfaro'!O22 -> 0.00036236509 | Q22: ='Eugenio Espejo'!O22 -> 0.83749396 | R22: ='La Delicia'!O22 -> 0.91882457 | S22: ='La Mariscal'!O22 -> 0.29503614 | T22: ='Los Chillos'!O22 -> 0.52931843 | U22: ='Manuela Sáenz'!O22 -> 0.70815639 | V22: =Quitumbe!O22 -> 0.65556141 | W22: =Tumbaco!O22 -> 0.0013448721
A23: C. Problemas percibidos en el barrio
A24: CC_1 | B24: Peleas o riñas | C24: =Calderón!K24 -> -14.213922 | D24: ='Choco Andino'!K24 -> 2.8550937 | E24: ='Eloy Alfaro'!K24 -> -2.0388945 | F24: ='Eugenio Espejo'!K24 -> -3.2353109 | G24: ='La Delicia'!K24 -> -7.9701464 | H24: ='La Mariscal'!K24 -> -7.324615 | I24: ='Los Chillos'!K24 -> 18.511283 | J24: ='Manuela Sáenz'!K24 -> 8.761957 | K24: =Quitumbe!K24 -> -11.668015 | L24: =Tumbaco!K24 -> 19.693483 | N24: =Calderón!O24 -> 0.00033617102 | O24: ='Choco Andino'!O24 -> 0.63309209 | P24: ='Eloy Alfaro'!O24 -> 0.59724199 | Q24: ='Eugenio Espejo'!O24 -> 0.47290306 | R24: ='La Delicia'!O24 -> 0.066516495 | S24: ='La Mariscal'!O24 -> 0.17340263 | T24: ='Los Chillos'!O24 -> 5.0228259e-05 | U24: ='Manuela Sáenz'!O24 -> 0.027734765 | V24: =Quitumbe!O24 -> 0.0091172205 | W24: =Tumbaco!O24 -> 4.7210909e-07
A25: CC_2 | B25: Pandillas o grupos delictivos | C25: =Calderón!K25 -> -21.694822 | D25: ='Choco Andino'!K25 -> 10.527091 | E25: ='Eloy Alfaro'!K25 -> 1.9152681 | F25: ='Eugenio Espejo'!K25 -> -1.8528889 | G25: ='La Delicia'!K25 -> -1.7076293 | H25: ='La Mariscal'!K25 -> -10.498435 | I25: ='Los Chillos'!K25 -> 4.9086126 | J25: ='Manuela Sáenz'!K25 -> 7.1021012 | K25: =Quitumbe!K25 -> -4.8752986 | L25: =Tumbaco!K25 -> 18.668221 | N25: =Calderón!O25 -> 9.5206972e-08 | O25: ='Choco Andino'!O25 -> 0.030910992 | P25: ='Eloy Alfaro'!O25 -> 0.63464131 | Q25: ='Eugenio Espejo'!O25 -> 0.64419961 | R25: ='La Delicia'!O25 -> 0.70645988 | S25: ='La Mariscal'!O25 -> 0.060508693 | T25: ='Los Chillos'!O25 -> 0.41401959 | U25: ='Manuela Sáenz'!O25 -> 0.066065282 | V25: =Quitumbe!O25 -> 0.31215299 | W25: =Tumbaco!O25 -> 2.4479804e-06
A26: CC_3 | B26: Consumo de alcohol en espacio público | C26: =Calderón!K26 -> -11.202902 | D26: ='Choco Andino'!K26 -> 2.8172889 | E26: ='Eloy Alfaro'!K26 -> -3.2678232 | F26: ='Eugenio Espejo'!K26 -> -5.6956936 | G26: ='La Delicia'!K26 -> 6.4991301 | H26: ='La Mariscal'!K26 -> 0.69109727 | I26: ='Los Chillos'!K26 -> 1.1796438 | J26: ='Manuela Sáenz'!K26 -> 7.7004803 | K26: =Quitumbe!K26 -> -9.1446575 | L26: =Tumbaco!K26 -> 21.339475 | N26: =Calderón!O26 -> 0.00066221199 | O26: ='Choco Andino'!O26 -> 0.5988588 | P26: ='Eloy Alfaro'!O26 -> 0.33285491 | Q26: ='Eugenio Espejo'!O26 -> 0.19050002 | R26: ='La Delicia'!O26 -> 0.073503662 | S26: ='La Mariscal'!O26 -> 0.89776124 | T26: ='Los Chillos'!O26 -> 0.77634701 | U26: ='Manuela Sáenz'!O26 -> 0.039543959 | V26: =Quitumbe!O26 -> 0.0094848892 | W26: =Tumbaco!O26 -> 5.4048779e-09
A27: CC_4 | B27: Venta clandestina de alcohol | C27: =Calderón!K27 -> -8.0887891 | D27: ='Choco Andino'!K27 -> 3.3958854 | E27: ='Eloy Alfaro'!K27 -> -3.2880617 | F27: ='Eugenio Espejo'!K27 -> 2.8550284 | G27: ='La Delicia'!K27 -> -1.6906584 | H27: ='La Mariscal'!K27 -> -10.180313 | I27: ='Los Chillos'!K27 -> 7.3158797 | J27: ='Manuela Sáenz'!K27 -> 7.4805936 | K27: =Quitumbe!K27 -> -16.278581 | L27: =Tumbaco!K27 -> 21.005972 | N27: =Calderón!O27 -> 0.051973096 | O27: ='Choco Andino'!O27 -> 0.58514724 | P27: ='Eloy Alfaro'!O27 -> 0.42582071 | Q27: ='Eugenio Espejo'!O27 -> 0.46954772 | R27: ='La Delicia'!O27 -> 0.71295324 | S27: ='La Mariscal'!O27 -> 0.071362909 | T27: ='Los Chillos'!O27 -> 0.10368921 | U27: ='Manuela Sáenz'!O27 -> 0.068979626 | V27: =Quitumbe!O27 -> 0.00056365196 | W27: =Tumbaco!O27 -> 2.5120655e-08
A28: CC_5 | B28: Consumo de drogas en espacio público | C28: =Calderón!K28 -> 0.22919144 | D28: ='Choco Andino'!K28 -> 10.874473 | E28: ='Eloy Alfaro'!K28 -> -1.8611165 | F28: ='Eugenio Espejo'!K28 -> -6.537693 | G28: ='La Delicia'!K28 -> 4.1087752 | H28: ='La Mariscal'!K28 -> -7.4004666 | I28: ='Los Chillos'!K28 -> -3.4177075 | J28: ='Manuela Sáenz'!K28 -> 6.9501007 | K28: =Quitumbe!K28 -> -19.063462 | L28: =Tumbaco!K28 -> 24.335694 | N28: =Calderón!O28 -> 0.95581492 | O28: ='Choco Andino'!O28 -> 0.058561459 | P28: ='Eloy Alfaro'!O28 -> 0.64864293 | Q28: ='Eugenio Espejo'!O28 -> 0.14740759 | R28: ='La Delicia'!O28 -> 0.35859731 | S28: ='La Mariscal'!O28 -> 0.17970568 | T28: ='Los Chillos'!O28 -> 0.57719065 | U28: ='Manuela Sáenz'!O28 -> 0.087969885 | V28: =Quitumbe!O28 -> 6.0622627e-05 | W28: =Tumbaco!O28 -> 1.0511481e-10
A29: CC_6 | B29: Venta de drogas en espacio público | C29: =Calderón!K29 -> -8.3886235 | D29: ='Choco Andino'!K29 -> 5.5150445 | E29: ='Eloy Alfaro'!K29 -> 0.74788285 | F29: ='Eugenio Espejo'!K29 -> -4.466328 | G29: ='La Delicia'!K29 -> -1.8037115 | H29: ='La Mariscal'!K29 -> -22.732986 | I29: ='Los Chillos'!K29 -> 4.8692746 | J29: ='Manuela Sáenz'!K29 -> 7.4339778 | K29: =Quitumbe!K29 -> -13.780107 | L29: =Tumbaco!K29 -> 21.586539 | N29: =Calderón!O29 -> 0.050887583 | O29: ='Choco Andino'!O29 -> 0.27838123 | P29: ='Eloy Alfaro'!O29 -> 0.85757044 | Q29: ='Eugenio Espejo'!O29 -> 0.29391406 | R29: ='La Delicia'!O29 -> 0.70000168 | S29: ='La Mariscal'!O29 -> 0.00010586479 | T29: ='Los Chillos'!O29 -> 0.16845052 | U29: ='Manuela Sáenz'!O29 -> 0.069242565 | V29: =Quitumbe!O29 -> 0.0061539107 | W29: =Tumbaco!O29 -> 9.7262798e-10
A30: CC_7 | B30: Calles sin iluminación | C30: =Calderón!K30 -> -3.4951164 | D30: ='Choco Andino'!K30 -> -6.6311495 | E30: ='Eloy Alfaro'!K30 -> -3.0854553 | F30: ='Eugenio Espejo'!K30 -> -0.58185421 | G30: ='La Delicia'!K30 -> 4.393283 | H30: ='La Mariscal'!K30 -> -7.7169948 | I30: ='Los Chillos'!K30 -> 1.5853104 | J30: ='Manuela Sáenz'!K30 -> 0.47189879 | K30: =Quitumbe!K30 -> 8.0587696 | L30: =Tumbaco!K30 -> 0.12443236 | N30: =Calderón!O30 -> 0.38614028 | O30: ='Choco Andino'!O30 -> 0.26684084 | P30: ='Eloy Alfaro'!O30 -> 0.42033948 | Q30: ='Eugenio Espejo'!O30 -> 0.88684777 | R30: ='La Delicia'!O30 -> 0.31751863 | S30: ='La Mariscal'!O30 -> 0.15067558 | T30: ='Los Chillos'!O30 -> 0.74060176 | U30: ='Manuela Sáenz'!O30 -> 0.90174311 | V30: =Quitumbe!O30 -> 0.084578612 | W30: =Tumbaco!O30 -> 0.97417924
A31: CC_8 | B31: Apropiación de viviendas por grupos delictivos | C31: =Calderón!K31 -> -0.46033128 | D31: ='Choco Andino'!K31 -> 4.2192596 | E31: ='Eloy Alfaro'!K31 -> 0.36942167 | F31: ='Eugenio Espejo'!K31 -> -2.3837422 | G31: ='La Delicia'!K31 -> -6.3655967 | H31: ='La Mariscal'!K31 -> 6.3659068 | I31: ='Los Chillos'!K31 -> 1.2026229 | J31: ='Manuela Sáenz'!K31 -> 7.4979916 | K31: =Quitumbe!K31 -> 0.50386026 | L31: =Tumbaco!K31 -> -3.445965 | N31: =Calderón!O31 -> 0.83043271 | O31: ='Choco Andino'!O31 -> 0.15096859 | P31: ='Eloy Alfaro'!O31 -> 0.87280009 | Q31: ='Eugenio Espejo'!O31 -> 0.18328349 | R31: ='La Delicia'!O31 -> 0.107214 | S31: ='La Mariscal'!O31 -> 0.038091972 | T31: ='Los Chillos'!O31 -> 0.45350843 | U31: ='Manuela Sáenz'!O31 -> 0.00097791255 | V31: =Quitumbe!O31 -> 0.87186933 | W31: =Tumbaco!O31 -> 0.13554831
A32: CC_9 | B32: Reclutamiento de NNA | C32: =Calderón!K32 -> -4.2007476 | D32: ='Choco Andino'!K32 -> 5.1548223 | E32: ='Eloy Alfaro'!K32 -> -1.1900935 | F32: ='Eugenio Espejo'!K32 -> 0.47122213 | G32: ='La Delicia'!K32 -> 1.0404768 | H32: ='La Mariscal'!K32 -> 1.3265964 | I32: ='Los Chillos'!K32 -> 4.7606728 | J32: ='Manuela Sáenz'!K32 -> -0.96355569 | K32: =Quitumbe!K32 -> -3.0962848 | L32: =Tumbaco!K32 -> 0.080975506 | N32: =Calderón!O32 -> 0.080929541 | O32: ='Choco Andino'!O32 -> 0.0034844858 | P32: ='Eloy Alfaro'!O32 -> 0.58775481 | Q32: ='Eugenio Espejo'!O32 -> 0.78779159 | R32: ='La Delicia'!O32 -> 0.78517446 | S32: ='La Mariscal'!O32 -> 0.62298817 | T32: ='Los Chillos'!O32 -> 0.0013086863 | U32: ='Manuela Sáenz'!O32 -> 0.60435557 | V32: =Quitumbe!O32 -> 0.25418704 | W32: =Tumbaco!O32 -> 0.96763896
A33: TA_3 | B33: Vio civiles armados en el barrio | C33: =Calderón!K33 -> 2.3450761 | D33: ='Choco Andino'!K33 -> -2.4034589 | E33: ='Eloy Alfaro'!K33 -> 0.68126213 | F33: ='Eugenio Espejo'!K33 -> 3.1606395 | G33: ='La Delicia'!K33 -> 1.3043605 | H33: ='La Mariscal'!K33 -> 2.0811334 | I33: ='Los Chillos'!K33 -> -4.3464728 | J33: ='Manuela Sáenz'!K33 -> -2.9059899 | K33: =Quitumbe!K33 -> -2.4582143 | L33: =Tumbaco!K33 -> 0.20230506 | N33: =Calderón!O33 -> 0.36402077 | O33: ='Choco Andino'!O33 -> 0.52138576 | P33: ='Eloy Alfaro'!O33 -> 0.81088331 | Q33: ='Eugenio Espejo'!O33 -> 0.25799747 | R33: ='La Delicia'!O33 -> 0.7327631 | S33: ='La Mariscal'!O33 -> 0.4892346 | T33: ='Los Chillos'!O33 -> 0.5021354 | U33: ='Manuela Sáenz'!O33 -> 0.29610915 | V33: =Quitumbe!O33 -> 0.48563348 | W33: =Tumbaco!O33 -> 0.93191449
A34: D. Victimización (12 meses)
A35: VI_PERS | B35: Víctima: algún delito personal (agregado) | C35: =Calderón!K35 -> 7.6350592 | D35: ='Choco Andino'!K35 -> 5.5086431 | E35: ='Eloy Alfaro'!K35 -> -2.7481845 | F35: ='Eugenio Espejo'!K35 -> -8.9303366 | G35: ='La Delicia'!K35 -> 0.46024565 | H35: ='La Mariscal'!K35 -> -0.87737182 | I35: ='Los Chillos'!K35 -> 3.6705426 | J35: ='Manuela Sáenz'!K35 -> 5.5774074 | K35: =Quitumbe!K35 -> 1.6872826 | L35: =Tumbaco!K35 -> -2.4805462 | N35: =Calderón!O35 -> 0.035061783 | O35: ='Choco Andino'!O35 -> 0.21325169 | P35: ='Eloy Alfaro'!O35 -> 0.43958145 | Q35: ='Eugenio Espejo'!O35 -> 0.011534044 | R35: ='La Delicia'!O35 -> 0.90305631 | S35: ='La Mariscal'!O35 -> 0.86443447 | T35: ='Los Chillos'!O35 -> 0.28945022 | U35: ='Manuela Sáenz'!O35 -> 0.1144617 | V35: =Quitumbe!O35 -> 0.69906663 | W35: =Tumbaco!O35 -> 0.43402912
A36: VI_HOG | B36: Víctima: algún delito contra el hogar (agregado) | C36: =Calderón!K36 -> 4.0738835 | D36: ='Choco Andino'!K36 -> -2.1398361 | E36: ='Eloy Alfaro'!K36 -> 3.6360826 | F36: ='Eugenio Espejo'!K36 -> -1.3627433 | G36: ='La Delicia'!K36 -> -4.9594064 | H36: ='La Mariscal'!K36 -> -2.7395291 | I36: ='Los Chillos'!K36 -> 6.9989623 | J36: ='Manuela Sáenz'!K36 -> 2.093705 | K36: =Quitumbe!K36 -> -4.3243564 | L36: =Tumbaco!K36 -> -3.5160987 | N36: =Calderón!O36 -> 0.16634734 | O36: ='Choco Andino'!O36 -> 0.59237863 | P36: ='Eloy Alfaro'!O36 -> 0.19507739 | Q36: ='Eugenio Espejo'!O36 -> 0.64863771 | R36: ='La Delicia'!O36 -> 0.20950192 | S36: ='La Mariscal'!O36 -> 0.5308207 | T36: ='Los Chillos'!O36 -> 0.0055813476 | U36: ='Manuela Sáenz'!O36 -> 0.48493173 | V36: =Quitumbe!O36 -> 0.19294043 | W36: =Tumbaco!O36 -> 0.17826482
A37: VI_6 | B37: Víctima: Robo con violencia o amenaza | C37: =Calderón!K37 -> -0.050246714 | D37: ='Choco Andino'!K37 -> 0.21375822 | E37: ='Eloy Alfaro'!K37 -> 0.5900871 | F37: ='Eugenio Espejo'!K37 -> -2.3185453 | G37: ='La Delicia'!K37 -> -2.0293432 | H37: ='La Mariscal'!K37 -> -4.696482 | I37: ='Los Chillos'!K37 -> 1.5076718 | J37: ='Manuela Sáenz'!K37 -> -0.6669882 | K37: =Quitumbe!K37 -> 3.1099705 | L37: =Tumbaco!K37 -> 0.75440424 | N37: =Calderón!O37 -> 0.98225827 | O37: ='Choco Andino'!O37 -> 0.92342077 | P37: ='Eloy Alfaro'!O37 -> 0.8106726 | Q37: ='Eugenio Espejo'!O37 -> 0.3307437 | R37: ='La Delicia'!O37 -> 0.41903845 | S37: ='La Mariscal'!O37 -> 0.24207414 | T37: ='Los Chillos'!O37 -> 0.46919842 | U37: ='Manuela Sáenz'!O37 -> 0.80138616 | V37: =Quitumbe!O37 -> 0.33099294 | W37: =Tumbaco!O37 -> 0.7318966
A38: VI_7 | B38: Víctima: Hurto (sin violencia) | C38: =Calderón!K38 -> 4.6292438 | D38: ='Choco Andino'!K38 -> 2.0138925 | E38: ='Eloy Alfaro'!K38 -> -4.2006361 | F38: ='Eugenio Espejo'!K38 -> -0.58730186 | G38: ='La Delicia'!K38 -> 1.7579995 | H38: ='La Mariscal'!K38 -> -2.9525778 | I38: ='Los Chillos'!K38 -> 4.7006195 | J38: ='Manuela Sáenz'!K38 -> 1.7146145 | K38: =Quitumbe!K38 -> 1.3592122 | L38: =Tumbaco!K38 -> -6.7204591 | N38: =Calderón!O38 -> 0.078028126 | O38: ='Choco Andino'!O38 -> 0.53315988 | P38: ='Eloy Alfaro'!O38 -> 0.084162764 | Q38: ='Eugenio Espejo'!O38 -> 0.78006441 | R38: ='La Delicia'!O38 -> 0.51022001 | S38: ='La Mariscal'!O38 -> 0.41786663 | T38: ='Los Chillos'!O38 -> 0.038008478 | U38: ='Manuela Sáenz'!O38 -> 0.40009621 | V38: =Quitumbe!O38 -> 0.68292637 | W38: =Tumbaco!O38 -> 0.0014932096
A39: VI_8 | B39: Víctima: Estafa | C39: =Calderón!K39 -> 1.1768393 | D39: ='Choco Andino'!K39 -> 3.6257323 | E39: ='Eloy Alfaro'!K39 -> 0.71668692 | F39: ='Eugenio Espejo'!K39 -> 0.66999684 | G39: ='La Delicia'!K39 -> 0.12089141 | H39: ='La Mariscal'!K39 -> -2.859424 | I39: ='Los Chillos'!K39 -> -1.0153314 | J39: ='Manuela Sáenz'!K39 -> 2.9057386 | K39: =Quitumbe!K39 -> -2.996638 | L39: =Tumbaco!K39 -> -0.98801218 | N39: =Calderón!O39 -> 0.53116666 | O39: ='Choco Andino'!O39 -> 0.048315295 | P39: ='Eloy Alfaro'!O39 -> 0.69604109 | Q39: ='Eugenio Espejo'!O39 -> 0.67536114 | R39: ='La Delicia'!O39 -> 0.95558266 | S39: ='La Mariscal'!O39 -> 0.39532278 | T39: ='Los Chillos'!O39 -> 0.54115463 | U39: ='Manuela Sáenz'!O39 -> 0.10021673 | V39: =Quitumbe!O39 -> 0.26075077 | W39: =Tumbaco!O39 -> 0.45359847
A40: VI_9 | B40: Víctima: Fraude bancario | C40: =Calderón!K40 -> -0.45665061 | D40: ='Choco Andino'!K40 -> -0.016419985 | E40: ='Eloy Alfaro'!K40 -> -0.0095462084 | F40: ='Eugenio Espejo'!K40 -> -2.5757167 | G40: ='La Delicia'!K40 -> 3.1740796 | H40: ='La Mariscal'!K40 -> 3.6904972 | I40: ='Los Chillos'!K40 -> 1.0429682 | J40: ='Manuela Sáenz'!K40 -> 1.7285409 | K40: =Quitumbe!K40 -> -0.71274521 | L40: =Tumbaco!K40 -> -3.3316808 | N40: =Calderón!O40 -> 0.76581006 | O40: ='Choco Andino'!O40 -> 0.99407545 | P40: ='Eloy Alfaro'!O40 -> 0.99439469 | Q40: ='Eugenio Espejo'!O40 -> 0.19054393 | R40: ='La Delicia'!O40 -> 0.035189661 | S40: ='La Mariscal'!O40 -> 0.0882661 | T40: ='Los Chillos'!O40 -> 0.50821164 | U40: ='Manuela Sáenz'!O40 -> 0.29128497 | V40: =Quitumbe!O40 -> 0.71666996 | W40: =Tumbaco!O40 -> 0.01836549
A41: VI_11 | B41: Víctima: Agresión física por desconocido | C41: =Calderón!K41 -> -3.2247986 | D41: ='Choco Andino'!K41 -> -0.53865329 | E41: ='Eloy Alfaro'!K41 -> 0.74656009 | F41: ='Eugenio Espejo'!K41 -> -1.8886085 | G41: ='La Delicia'!K41 -> 1.6644595 | H41: ='La Mariscal'!K41 -> 1.5367754 | I41: ='Los Chillos'!K41 -> -0.97499758 | J41: ='Manuela Sáenz'!K41 -> 2.4042978 | K41: =Quitumbe!K41 -> 0.0095653217 | L41: =Tumbaco!K41 -> 0.16883799 | N41: =Calderón!O41 -> 0.048498179 | O41: ='Choco Andino'!O41 -> 0.63935827 | P41: ='Eloy Alfaro'!O41 -> 0.64303943 | Q41: ='Eugenio Espejo'!O41 -> 0.059063339 | R41: ='La Delicia'!O41 -> 0.2155912 | S41: ='La Mariscal'!O41 -> 0.44960601 | T41: ='Los Chillos'!O41 -> 0.42443431 | U41: ='Manuela Sáenz'!O41 -> 0.12642004 | V41: =Quitumbe!O41 -> 0.99599761 | W41: =Tumbaco!O41 -> 0.86571791
A42: VI_12 | B42: Víctima: Amenaza creíble | C42: =Calderón!K42 -> 2.7260085 | D42: ='Choco Andino'!K42 -> -1.9114728 | E42: ='Eloy Alfaro'!K42 -> 0.64804089 | F42: ='Eugenio Espejo'!K42 -> -1.2687231 | G42: ='La Delicia'!K42 -> 1.537608 | H42: ='La Mariscal'!K42 -> -0.49492554 | I42: ='Los Chillos'!K42 -> 1.3526714 | J42: ='Manuela Sáenz'!K42 -> 1.2680518 | K42: =Quitumbe!K42 -> -1.568367 | L42: =Tumbaco!K42 -> -3.9421479 | N42: =Calderón!O42 -> 0.12081784 | O42: ='Choco Andino'!O42 -> 0.51000206 | P42: ='Eloy Alfaro'!O42 -> 0.64726446 | Q42: ='Eugenio Espejo'!O42 -> 0.39087086 | R42: ='La Delicia'!O42 -> 0.44359143 | S42: ='La Mariscal'!O42 -> 0.87655818 | T42: ='Los Chillos'!O42 -> 0.38280271 | U42: ='Manuela Sáenz'!O42 -> 0.37673214 | V42: =Quitumbe!O42 -> 0.48658561 | W42: =Tumbaco!O42 -> 0.0055407487
A43: VI_13 | B43: Víctima: Extorsión | C43: =Calderón!K43 -> -1.1829831 | D43: ='Choco Andino'!K43 -> 0.83669587 | E43: ='Eloy Alfaro'!K43 -> 0.58626342 | F43: ='Eugenio Espejo'!K43 -> -0.24721295 | G43: ='La Delicia'!K43 -> 2.0015354 | H43: ='La Mariscal'!K43 -> 0.49977648 | I43: ='Los Chillos'!K43 -> 0.69449562 | J43: ='Manuela Sáenz'!K43 -> 1.2123212 | K43: =Quitumbe!K43 -> -2.0452242 | L43: =Tumbaco!K43 -> -2.2917364 | N43: =Calderón!O43 -> 0.10383673 | O43: ='Choco Andino'!O43 -> 0.31459629 | P43: ='Eloy Alfaro'!O43 -> 0.39957596 | Q43: ='Eugenio Espejo'!O43 -> 0.79354494 | R43: ='La Delicia'!O43 -> 0.01353805 | S43: ='La Mariscal'!O43 -> 0.5522892 | T43: ='Los Chillos'!O43 -> 0.20449048 | U43: ='Manuela Sáenz'!O43 -> 0.055075045 | V43: =Quitumbe!O43 -> 0.095422648 | W43: =Tumbaco!O43 -> 0.010389237
A44: VI_10 | B44: Víctima: Pago de soborno a funcionario | C44: =Calderón!K44 -> 1.7464982 | D44: ='Choco Andino'!K44 -> -0.0011551583 | E44: ='Eloy Alfaro'!K44 -> 1.4561721 | F44: ='Eugenio Espejo'!K44 -> 0.19988299 | G44: ='La Delicia'!K44 -> -0.58582967 | H44: ='La Mariscal'!K44 -> -0.15144721 | I44: ='Los Chillos'!K44 -> -0.31789021 | J44: ='Manuela Sáenz'!K44 -> 1.3131073 | K44: =Quitumbe!K44 -> -2.4594514 | L44: =Tumbaco!K44 -> -0.96135898 | N44: =Calderón!O44 -> 0.18794932 | O44: ='Choco Andino'!O44 -> 0.99949165 | P44: ='Eloy Alfaro'!O44 -> 0.067961926 | Q44: ='Eugenio Espejo'!O44 -> 0.84429858 | R44: ='La Delicia'!O44 -> 0.67839299 | S44: ='La Mariscal'!O44 -> 0.91775557 | T44: ='Los Chillos'!O44 -> 0.62047174 | U44: ='Manuela Sáenz'!O44 -> 0.11988228 | V44: =Quitumbe!O44 -> 0.068331891 | W44: =Tumbaco!O44 -> 0.11637966
A45: VI_4 | B45: Víctima: Robo a la vivienda | C45: =Calderón!K45 -> 0.14274975 | D45: ='Choco Andino'!K45 -> 3.8685255 | E45: ='Eloy Alfaro'!K45 -> 2.5885009 | F45: ='Eugenio Espejo'!K45 -> -1.7172467 | G45: ='La Delicia'!K45 -> -4.6574458 | H45: ='La Mariscal'!K45 -> 1.8197276 | I45: ='Los Chillos'!K45 -> 3.4568454 | J45: ='Manuela Sáenz'!K45 -> 2.9394661 | K45: =Quitumbe!K45 -> 0.91743078 | L45: =Tumbaco!K45 -> -3.7648363 | N45: =Calderón!O45 -> 0.94869394 | O45: ='Choco Andino'!O45 -> 0.053906548 | P45: ='Eloy Alfaro'!O45 -> 0.18206213 | Q45: ='Eugenio Espejo'!O45 -> 0.40785155 | R45: ='La Delicia'!O45 -> 0.1881135 | S45: ='La Mariscal'!O45 -> 0.4932406 | T45: ='Los Chillos'!O45 -> 0.038597542 | U45: ='Manuela Sáenz'!O45 -> 0.079979838 | V45: =Quitumbe!O45 -> 0.64720391 | W45: =Tumbaco!O45 -> 0.080172863
A46: VI_14 | B46: Víctima: Secuestro | C46: =Calderón!K46 -> 1.2203053 | D46: ='Choco Andino'!K46 -> 0.90937792 | E46: ='Eloy Alfaro'!K46 -> -1.0890603 | F46: ='Eugenio Espejo'!K46 -> -0.23373775 | G46: ='La Delicia'!K46 -> -0.015755306 | H46: ='La Mariscal'!K46 -> 0.097889376 | I46: ='Los Chillos'!K46 -> 1.2456541 | J46: ='Manuela Sáenz'!K46 -> 0.80750139 | K46: =Quitumbe!K46 -> -0.85923593 | L46: =Tumbaco!K46 -> -0.0564098 | N46: =Calderón!O46 -> 0.10357833 | O46: ='Choco Andino'!O46 -> 0.13162537 | P46: ='Eloy Alfaro'!O46 -> 0.34012917 | Q46: ='Eugenio Espejo'!O46 -> 0.68250507 | R46: ='La Delicia'!O46 -> 0.97425786 | S46: ='La Mariscal'!O46 -> 0.93148354 | T46: ='Los Chillos'!O46 -> 0.0072678053 | U46: ='Manuela Sáenz'!O46 -> 0.085102932 | V46: =Quitumbe!O46 -> 0.47487717 | W46: =Tumbaco!O46 -> 0.91920472
... A50: VI_5_1 | B50: Víctima: Robo a negocio en la vivienda | C50: =Calderón!K50 -> 10.38445 | D50: ='Choco Andino'!K50 -> -11.1118 | E50: ='Eloy Alfaro'!K50 -> 9.0475967 | F50: ='Eugenio Espejo'!K50 -> -0.51311744 | G50: ='La Delicia'!K50 -> -12.409446 | H50: ='La Mariscal'!K50 -> 0.50813772 | I50: ='Los Chillos'!K50 -> 15.030361 | J50: ='Manuela Sáenz'!K50 -> -1.2380903 | K50: =Quitumbe!K50 -> -8.8982038 | L50: =Tumbaco!K50 -> -10.854198 | N50: =Calderón!O50 -> 0.22254898 | O50: ='Choco Andino'!O50 -> 0.35167209 | P50: ='Eloy Alfaro'!O50 -> 0.23163176 | Q50: ='Eugenio Espejo'!O50 -> 0.95447918 | R50: ='La Delicia'!O50 -> 0.35140718 | S50: ='La Mariscal'!O50 -> 0.9567796 | T50: ='Los Chillos'!O50 -> 0.01659565 | U50: ='Manuela Sáenz'!O50 -> 0.86515794 | V50: =Quitumbe!O50 -> 0.28921228 | W50: =Tumbaco!O50 -> 0.25673336
A51: E. Confianza institucional
A52: CIE_4_1 | B52: Confía: Policía Nacional | C52: =Calderón!K52 -> -20.924289 | D52: ='Choco Andino'!K52 -> 6.3007994 | E52: ='Eloy Alfaro'!K52 -> 4.9686002 | F52: ='Eugenio Espejo'!K52 -> 9.3684343 | G52: ='La Delicia'!K52 -> 7.9087178 | H52: ='La Mariscal'!K52 -> 0.0035172525 | I52: ='Los Chillos'!K52 -> -7.9672304 | J52: ='Manuela Sáenz'!K52 -> 4.0952058 | K52: =Quitumbe!K52 -> 2.0779536 | L52: =Tumbaco!K52 -> -12.744516 | N52: =Calderón!O52 -> 4.5608321e-06 | O52: ='Choco Andino'!O52 -> 0.32288233 | P52: ='Eloy Alfaro'!O52 -> 0.27946206 | Q52: ='Eugenio Espejo'!O52 -> 0.061912842 | R52: ='La Delicia'!O52 -> 0.10806878 | S52: ='La Mariscal'!O52 -> 0.99958081 | T52: ='Los Chillos'!O52 -> 0.17121167 | U52: ='Manuela Sáenz'!O52 -> 0.36752772 | V52: =Quitumbe!O52 -> 0.7059199 | W52: =Tumbaco!O52 -> 0.0045299213
A53: CIE_5_1 | B53: Confía: Fuerzas Armadas | C53: =Calderón!K53 -> -16.225056 | D53: ='Choco Andino'!K53 -> 12.081319 | E53: ='Eloy Alfaro'!K53 -> 8.2173606 | F53: ='Eugenio Espejo'!K53 -> 4.2175183 | G53: ='La Delicia'!K53 -> -0.91386101 | H53: ='La Mariscal'!K53 -> -9.0335933 | I53: ='Los Chillos'!K53 -> 3.4746496 | J53: ='Manuela Sáenz'!K53 -> 6.3539736 | K53: =Quitumbe!K53 -> -5.0660143 | L53: =Tumbaco!K53 -> -5.7581493 | N53: =Calderón!O53 -> 0.00011359838 | O53: ='Choco Andino'!O53 -> 0.041914249 | P53: ='Eloy Alfaro'!O53 -> 0.062965004 | Q53: ='Eugenio Espejo'!O53 -> 0.35897705 | R53: ='La Delicia'!O53 -> 0.82492565 | S53: ='La Mariscal'!O53 -> 0.087370331 | T53: ='Los Chillos'!O53 -> 0.63481219 | U53: ='Manuela Sáenz'!O53 -> 0.18907269 | V53: =Quitumbe!O53 -> 0.25029765 | W53: =Tumbaco!O53 -> 0.14436804
A54: CIE_3_1 | B54: Confía: Fiscalía | C54: =Calderón!K54 -> -19.600258 | D54: ='Choco Andino'!K54 -> 6.3546021 | E54: ='Eloy Alfaro'!K54 -> 14.873871 | F54: ='Eugenio Espejo'!K54 -> 6.5297892 | G54: ='La Delicia'!K54 -> -5.8528598 | H54: ='La Mariscal'!K54 -> 0.73859739 | I54: ='Los Chillos'!K54 -> -14.356918 | J54: ='Manuela Sáenz'!K54 -> 5.2847446 | K54: =Quitumbe!K54 -> 16.282862 | L54: =Tumbaco!K54 -> -21.291047 | N54: =Calderón!O54 -> 0.0011816937 | O54: ='Choco Andino'!O54 -> 0.56770235 | P54: ='Eloy Alfaro'!O54 -> 0.0078142081 | Q54: ='Eugenio Espejo'!O54 -> 0.3305018 | R54: ='La Delicia'!O54 -> 0.40417933 | S54: ='La Mariscal'!O54 -> 0.92632592 | T54: ='Los Chillos'!O54 -> 0.019061864 | U54: ='Manuela Sáenz'!O54 -> 0.31652501 | V54: =Quitumbe!O54 -> 0.036956092 | W54: =Tumbaco!O54 -> 0.0001582584
A55: CIE_1_1 | B55: Confía: Juzgados y cortes | C55: =Calderón!K55 -> -11.90945 | D55: ='Choco Andino'!K55 -> 21.19953 | E55: ='Eloy Alfaro'!K55 -> 10.053804 | F55: ='Eugenio Espejo'!K55 -> 10.167615 | G55: ='La Delicia'!K55 -> -2.4251159 | H55: ='La Mariscal'!K55 -> 14.413733 | I55: ='Los Chillos'!K55 -> -13.219727 | J55: ='Manuela Sáenz'!K55 -> -3.070327 | K55: =Quitumbe!K55 -> 1.8475344 | L55: =Tumbaco!K55 -> -8.2886404 | N55: =Calderón!O55 -> 0.12561126 | O55: ='Choco Andino'!O55 -> 0.15495418 | P55: ='Eloy Alfaro'!O55 -> 0.13809551 | Q55: ='Eugenio Espejo'!O55 -> 0.17183619 | R55: ='La Delicia'!O55 -> 0.73234892 | S55: ='La Mariscal'!O55 -> 0.19523863 | T55: ='Los Chillos'!O55 -> 0.054776924 | U55: ='Manuela Sáenz'!O55 -> 0.63663646 | V55: =Quitumbe!O55 -> 0.83711931 | W55: =Tumbaco!O55 -> 0.26197755
A56: CIE_2_1 | B56: Confía: ECU 911 | C56: =Calderón!K56 -> -19.446895 | D56: ='Choco Andino'!K56 -> 13.568 | E56: ='Eloy Alfaro'!K56 -> 8.3052891 | F56: ='Eugenio Espejo'!K56 -> 13.177986 | G56: ='La Delicia'!K56 -> 6.53732 | H56: ='La Mariscal'!K56 -> -1.547158 | I56: ='Los Chillos'!K56 -> -6.8022424 | J56: ='Manuela Sáenz'!K56 -> -2.1629486 | K56: =Quitumbe!K56 -> -8.3972023 | L56: =Tumbaco!K56 -> -7.7771053 | N56: =Calderón!O56 -> 1.3297289e-05 | O56: ='Choco Andino'!O56 -> 0.047464623 | P56: ='Eloy Alfaro'!O56 -> 0.075935424 | Q56: ='Eugenio Espejo'!O56 -> 0.0093450858 | R56: ='La Delicia'!O56 -> 0.14441831 | S56: ='La Mariscal'!O56 -> 0.8331411 | T56: ='Los Chillos'!O56 -> 0.15786179 | U56: ='Manuela Sáenz'!O56 -> 0.64725787 | V56: =Quitumbe!O56 -> 0.12648147 | W56: =Tumbaco!O56 -> 0.061621912
A57: CIM_4_1 | B57: Confía: Agentes de Control Metropolitano (CACMQ) | C57: =Calderón!K57 -> -15.761688 | D57: ='Choco Andino'!K57 -> 15.218978 | E57: ='Eloy Alfaro'!K57 -> 9.6012332 | F57: ='Eugenio Espejo'!K57 -> 2.9970878 | G57: ='La Delicia'!K57 -> 10.540069 | H57: ='La Mariscal'!K57 -> -1.8368457 | I57: ='Los Chillos'!K57 -> -23.157539 | J57: ='Manuela Sáenz'!K57 -> 4.5577658 | K57: =Quitumbe!K57 -> 11.372478 | L57: =Tumbaco!K57 -> -15.548174 | N57: =Calderón!O57 -> 0.0077140439 | O57: ='Choco Andino'!O57 -> 0.12451418 | P57: ='Eloy Alfaro'!O57 -> 0.12944332 | Q57: ='Eugenio Espejo'!O57 -> 0.65909629 | R57: ='La Delicia'!O57 -> 0.10873905 | S57: ='La Mariscal'!O57 -> 0.83635397 | T57: ='Los Chillos'!O57 -> 9.277458e-05 | U57: ='Manuela Sáenz'!O57 -> 0.41420832 | V57: =Quitumbe!O57 -> 0.14414101 | W57: =Tumbaco!O57 -> 0.0069235147
A58: CIM_5_1 | B58: Confía: Secretaría de Seguridad (municipal) | C58: =Calderón!K58 -> -15.698198 | D58: ='Choco Andino'!K58 -> 27.00846 | E58: ='Eloy Alfaro'!K58 -> 5.0039158 | F58: ='Eugenio Espejo'!K58 -> -1.359479 | G58: ='La Delicia'!K58 -> 3.1564951 | H58: ='La Mariscal'!K58 -> -2.2171453 | I58: ='Los Chillos'!K58 -> -12.923913 | J58: ='Manuela Sáenz'!K58 -> 2.1738542 | K58: =Quitumbe!K58 -> 11.545657 | L58: =Tumbaco!K58 -> -3.4822441 | N58: =Calderón!O58 -> 0.031416132 | O58: ='Choco Andino'!O58 -> 0.044946397 | P58: ='Eloy Alfaro'!O58 -> 0.52101064 | Q58: ='Eugenio Espejo'!O58 -> 0.88012028 | R58: ='La Delicia'!O58 -> 0.64745374 | S58: ='La Mariscal'!O58 -> 0.80881716 | T58: ='Los Chillos'!O58 -> 0.070997367 | U58: ='Manuela Sáenz'!O58 -> 0.76650695 | V58: =Quitumbe!O58 -> 0.19788665 | W58: =Tumbaco!O58 -> 0.64722295
A59: F. Cambios de hábitos por inseguridad
A60: CH_1 | B60: Redujo: Salir de noche | C60: =Calderón!K60 -> 9.2807071 | D60: ='Choco Andino'!K60 -> -10.714356 | E60: ='Eloy Alfaro'!K60 -> 2.4064343 | F60: ='Eugenio Espejo'!K60 -> -6.1537375 | G60: ='La Delicia'!K60 -> 2.0563852 | H60: ='La Mariscal'!K60 -> 2.5732055 | I60: ='Los Chillos'!K60 -> 11.905944 | J60: ='Manuela Sáenz'!K60 -> -6.6140902 | K60: =Quitumbe!K60 -> -8.7405795 | L60: =Tumbaco!K60 -> 0.15793192 | N60: =Calderón!O60 -> 0.021441996 | O60: ='Choco Andino'!O60 -> 0.10736604 | P60: ='Eloy Alfaro'!O60 -> 0.55544846 | Q60: ='Eugenio Espejo'!O60 -> 0.19943165 | R60: ='La Delicia'!O60 -> 0.67553774 | S60: ='La Mariscal'!O60 -> 0.66076609 | T60: ='Los Chillos'!O60 -> 0.0027361627 | U60: ='Manuela Sáenz'!O60 -> 0.082006588 | V60: =Quitumbe!O60 -> 0.060230213 | W60: =Tumbaco!O60 -> 0.97114313
A61: CH_2 | B61: Redujo: Visitar espacios recreativos públicos | C61: =Calderón!K61 -> 0.67847787 | D61: ='Choco Andino'!K61 -> 15.95256 | E61: ='Eloy Alfaro'!K61 -> -1.9276994 | F61: ='Eugenio Espejo'!K61 -> -6.2729461 | G61: ='La Delicia'!K61 -> 6.0637754 | H61: ='La Mariscal'!K61 -> -3.5345162 | I61: ='Los Chillos'!K61 -> 10.669366 | J61: ='Manuela Sáenz'!K61 -> -6.8888322 | K61: =Quitumbe!K61 -> -1.3189187 | L61: =Tumbaco!K61 -> 0.76184464 | N61: =Calderón!O61 -> 0.87626787 | O61: ='Choco Andino'!O61 -> 0.0079688011 | P61: ='Eloy Alfaro'!O61 -> 0.65153684 | Q61: ='Eugenio Espejo'!O61 -> 0.18792662 | R61: ='La Delicia'!O61 -> 0.19864802 | S61: ='La Mariscal'!O61 -> 0.54333673 | T61: ='Los Chillos'!O61 -> 0.055226603 | U61: ='Manuela Sáenz'!O61 -> 0.10374579 | V61: =Quitumbe!O61 -> 0.7921629 | W61: =Tumbaco!O61 -> 0.85510236
A62: CH_3 | B62: Redujo: Dejar salir solos a hijos menores | C62: =Calderón!K62 -> 5.6685535 | D62: ='Choco Andino'!K62 -> 21.216007 | E62: ='Eloy Alfaro'!K62 -> -8.4839836 | F62: ='Eugenio Espejo'!K62 -> 12.348343 | G62: ='La Delicia'!K62 -> -1.8896556 | H62: ='La Mariscal'!K62 -> -4.8200943 | I62: ='Los Chillos'!K62 -> 9.9810421 | J62: ='Manuela Sáenz'!K62 -> 10.348453 | K62: =Quitumbe!K62 -> -10.862807 | L62: =Tumbaco!K62 -> -5.978069 | N62: =Calderón!O62 -> 0.21986678 | O62: ='Choco Andino'!O62 -> 0.023831948 | P62: ='Eloy Alfaro'!O62 -> 0.072740281 | Q62: ='Eugenio Espejo'!O62 -> 0.057425296 | R62: ='La Delicia'!O62 -> 0.72200152 | S62: ='La Mariscal'!O62 -> 0.4618426 | T62: ='Los Chillos'!O62 -> 0.053377766 | U62: ='Manuela Sáenz'!O62 -> 0.050305334 | V62: =Quitumbe!O62 -> 0.021490292 | W62: =Tumbaco!O62 -> 0.20584819
A63: CH_4 | B63: Redujo: Visitar lugares turísticos | C63: =Calderón!K63 -> -8.6287983 | D63: ='Choco Andino'!K63 -> -4.77153 | E63: ='Eloy Alfaro'!K63 -> 3.6541647 | F63: ='Eugenio Espejo'!K63 -> -10.737615 | G63: ='La Delicia'!K63 -> -0.12634888 | H63: ='La Mariscal'!K63 -> -8.7074354 | I63: ='Los Chillos'!K63 -> 14.545515 | J63: ='Manuela Sáenz'!K63 -> -6.457019 | K63: =Quitumbe!K63 -> 9.3243826 | L63: =Tumbaco!K63 -> 7.4198885 | N63: =Calderón!O63 -> 0.046099765 | O63: ='Choco Andino'!O63 -> 0.50387713 | P63: ='Eloy Alfaro'!O63 -> 0.40343258 | Q63: ='Eugenio Espejo'!O63 -> 0.024703924 | R63: ='La Delicia'!O63 -> 0.97916292 | S63: ='La Mariscal'!O63 -> 0.12979839 | T63: ='Los Chillos'!O63 -> 0.011427744 | U63: ='Manuela Sáenz'!O63 -> 0.12389798 | V63: =Quitumbe!O63 -> 0.086449106 | W63: =Tumbaco!O63 -> 0.073846593
A64: CH_5 | B64: Redujo: Asistir a eventos culturales/deportivos | C64: =Calderón!K64 -> -6.0449007 | D64: ='Choco Andino'!K64 -> 7.9214142 | E64: ='Eloy Alfaro'!K64 -> -7.6200677 | F64: ='Eugenio Espejo'!K64 -> 3.4501518 | G64: ='La Delicia'!K64 -> 9.6490934 | H64: ='La Mariscal'!K64 -> -8.8228053 | I64: ='Los Chillos'!K64 -> 6.0633943 | J64: ='Manuela Sáenz'!K64 -> -5.7668485 | K64: =Quitumbe!K64 -> -0.85613962 | L64: =Tumbaco!K64 -> 4.0321937 | N64: =Calderón!O64 -> 0.15114294 | O64: ='Choco Andino'!O64 -> 0.33218506 | P64: ='Eloy Alfaro'!O64 -> 0.081862842 | Q64: ='Eugenio Espejo'!O64 -> 0.51163773 | R64: ='La Delicia'!O64 -> 0.08042594 | S64: ='La Mariscal'!O64 -> 0.16454328 | T64: ='Los Chillos'!O64 -> 0.34153089 | U64: ='Manuela Sáenz'!O64 -> 0.19710848 | V64: =Quitumbe!O64 -> 0.87859147 | W64: =Tumbaco!O64 -> 0.34862878
A65: CH_6 | B65: Redujo: Caminar por el barrio | C65: =Calderón!K65 -> -10.662091 | D65: ='Choco Andino'!K65 -> -1.3051441 | E65: ='Eloy Alfaro'!K65 -> 0.26711233 | F65: ='Eugenio Espejo'!K65 -> -3.3403625 | G65: ='La Delicia'!K65 -> -7.0050878 | H65: ='La Mariscal'!K65 -> -15.73242 | I65: ='Los Chillos'!K65 -> 5.5117795 | J65: ='Manuela Sáenz'!K65 -> -5.772749 | K65: =Quitumbe!K65 -> 13.133458 | L65: =Tumbaco!K65 -> 11.33905 | N65: =Calderón!O65 -> 0.0095931939 | O65: ='Choco Andino'!O65 -> 0.81630893 | P65: ='Eloy Alfaro'!O65 -> 0.94929566 | Q65: ='Eugenio Espejo'!O65 -> 0.48955688 | R65: ='La Delicia'!O65 -> 0.11414622 | S65: ='La Mariscal'!O65 -> 0.0034835857 | T65: ='Los Chillos'!O65 -> 0.30872729 | U65: ='Manuela Sáenz'!O65 -> 0.15643852 | V65: =Quitumbe!O65 -> 0.0094866435 | W65: =Tumbaco!O65 -> 0.0059256965
A66: SP_5 | B66: Participa en iniciativas de seguridad | C66: =Calderón!K66 -> 5.8982853 | D66: ='Choco Andino'!K66 -> 5.1718501 | E66: ='Eloy Alfaro'!K66 -> -3.918702 | F66: ='Eugenio Espejo'!K66 -> 2.2387677 | G66: ='La Delicia'!K66 -> -3.6421862 | H66: ='La Mariscal'!K66 -> -11.054041 | I66: ='Los Chillos'!K66 -> 2.7045485 | J66: ='Manuela Sáenz'!K66 -> 2.1103971 | K66: =Quitumbe!K66 -> 0.2788858 | L66: =Tumbaco!K66 -> 5.7890727 | N66: =Calderón!O66 -> 0.13388847 | O66: ='Choco Andino'!O66 -> 0.32359525 | P66: ='Eloy Alfaro'!O66 -> 0.30319941 | Q66: ='Eugenio Espejo'!O66 -> 0.59865072 | R66: ='La Delicia'!O66 -> 0.38863264 | S66: ='La Mariscal'!O66 -> 0.04877679 | T66: ='Los Chillos'!O66 -> 0.58449472 | U66: ='Manuela Sáenz'!O66 -> 0.54060957 | V66: =Quitumbe!O66 -> 0.9508914 | W66: =Tumbaco!O66 -> 0.13124002
A68: Fuente: EVPI 2023-2024 y 2025-2026, OMSCGR. Ponderado con peso_az_estrato; EE robustos HC1 sin corrección por diseño.

Sheet Calderón
A1: Calderón vs. resto del DMQ: cambio 2023-2024 → 2025-2026
A2: Proporciones ponderadas (peso_az_estrato). DiD = cambio AZ − cambio resto. EE robusto HC1. El signo describe la dirección del indicador, sin valoración.
A4: Bloque | B4: Indicador | C4: Código | D4: Base | E4: AZ 2023 | F4: AZ 2025 | G4: Resto 2023 | H4: Resto 2025 | I4: Cambio AZ (pp) | J4: Cambio resto (pp) | K4: DiD (pp) | L4: EE (pp) | M4: IC95 inf (pp) | N4: IC95 sup (pp) | O4: Valor p | P4: Sig. | Q4: n AZ 2023 | R4: n AZ 2025 | S4: Advertencia
A5: A. Percepción de inseguridad
A6: A. Percepción de inseguridad | B6: % se siente inseguro: Alrededor de su casa | C6: PSC_1 | D6: Excluye "No aplica" | E6: 0.69878144 | F6: 0.63439523 | G6: 0.54468009 | H6: 0.55089891 | I6: =(F6-E6)*100 -> -6.4386209 | J6: =(H6-G6)*100 -> 0.62188263 | K6: =I6-J6 -> -7.0605035 | L6: 3.7668243 | M6: =K6-1.96*L6 -> -14.443479 | N6: =K6+1.96*L6 -> 0.32247204 | O6: =2*(1-NORMSDIST(ABS(K6/L6))) -> 0.060876479 | P6: =IF(O6<0.01,"**",IF(O6<0.05,"*","")) | Q6: 624 | R6: 413
A7: A. Percepción de inseguridad | B7: % se siente inseguro: En su barrio | C7: PSC_2 | D7: Excluye "No aplica" | E7: 0.75041322 | F7: 0.77503649 | G7: 0.62596459 | H7: 0.67621073 | I7: =(F7-E7)*100 -> 2.4623274 | J7: =(H7-G7)*100 -> 5.024614 | K7: =I7-J7 -> -2.5622867 | L7: 3.4996818 | M7: =K7-1.96*L7 -> -9.421663 | N7: =K7+1.96*L7 -> 4.2970897 | O7: =2*(1-NORMSDIST(ABS(K7/L7))) -> 0.46407796 | P7: =IF(O7<0.01,"**",IF(O7<0.05,"*","")) | Q7: 625 | R7: 414
A8: A. Percepción de inseguridad | B8: % se siente inseguro: Cerca de centros educativos | C8: PSC_4 | D8: Excluye "No aplica" | E8: 0.69524979 | F8: 0.67190303 | G8: 0.59496088 | H8: 0.55620806 | I8: =(F8-E8)*100 -> -2.3346759 | J8: =(H8-G8)*100 -> -3.8752822 | K8: =I8-J8 -> 1.5406063 | L8: 3.9589228 | M8: =K8-1.96*L8 -> -6.2188823 | N8: =K8+1.96*L8 -> 9.3000949 | O8: =2*(1-NORMSDIST(ABS(K8/L8))) -> 0.69716678 | P8: =IF(O8<0.01,"**",IF(O8<0.05,"*","")) | Q8: 573 | R8: 369
A9: A. Percepción de inseguridad | B9: % se siente inseguro: Mercados y ferias | C9: PSC_5 | D9: Excluye "No aplica" | E9: 0.80508047 | F9: 0.69828682 | G9: 0.76576669 | H9: 0.72686349 | I9: =(F9-E9)*100 -> -10.679364 | J9: =(H9-G9)*100 -> -3.8903201 | K9: =I9-J9 -> -6.7890444 | L9: 3.5113577 | M9: =K9-1.96*L9 -> -13.671305 | N9: =K9+1.96*L9 -> 0.093216736 | O9: =2*(1-NORMSDIST(ABS(K9/L9))) -> 0.053180443 | P9: =IF(O9<0.01,"**",IF(O9<0.05,"*","")) | Q9: 599 | R9: 387
A10: A. Percepción de inseguridad | B10: % se siente inseguro: Cajeros en vía pública | C10: PSC_6 | D10: Excluye "No aplica" | E10: 0.82839888 | F10: 0.79007935 | G10: 0.79021802 | H10: 0.79169736 | I10: =(F10-E10)*100 -> -3.8319528 | J10: =(H10-G10)*100 -> 0.14793375 | K10: =I10-J10 -> -3.9798866 | L10: 3.6553531 | M10: =K10-1.96*L10 -> -11.144379 | N10: =K10+1.96*L10 -> 3.1846055 | O10: =2*(1-NORMSDIST(ABS(K10/L10))) -> 0.27624956 | P10: =IF(O10<0.01,"**",IF(O10<0.05,"*","")) | Q10: 571 | R10: 328
A11: A. Percepción de inseguridad | B11: % se siente inseguro: Espacios públicos de la ciudad | C11: PSC_7 | D11: Excluye "No aplica" | E11: 0.82105543 | F11: 0.81602891 | G11: 0.79516141 | H11: 0.7807139 | I11: =(F11-E11)*100 -> -0.50265145 | J11: =(H11-G11)*100 -> -1.4447506 | K11: =I11-J11 -> 0.9420992 | L11: 3.3537071 | M11: =K11-1.96*L11 -> -5.6311667 | N11: =K11+1.96*L11 -> 7.5153651 | O11: =2*(1-NORMSDIST(ABS(K11/L11))) -> 0.7787773 | P11: =IF(O11<0.01,"**",IF(O11<0.05,"*","")) | Q11: 616 | R11: 407
A12: A. Percepción de inseguridad | B12: % se siente inseguro: Metro de Quito | C12: PSC_8 | D12: Excluye "No aplica" | E12: 0.42173808 | F12: 0.21569942 | G12: 0.27724954 | H12: 0.14951388 | I12: =(F12-E12)*100 -> -20.603866 | J12: =(H12-G12)*100 -> -12.773566 | K12: =I12-J12 -> -7.8302994 | L12: 4.1108916 | M12: =K12-1.96*L12 -> -15.887647 | N12: =K12+1.96*L12 -> 0.22704816 | O12: =2*(1-NORMSDIST(ABS(K12/L12))) -> 0.05681009 | P12: =IF(O12<0.01,"**",IF(O12<0.05,"*","")) | Q12: 485 | R12: 311
A13: A. Percepción de inseguridad | B13: % se siente inseguro: Trole, Ecovía, corredores | C13: PSC_9 | D13: Excluye "No aplica" | E13: 0.89463351 | F13: 0.79743695 | G13: 0.84810464 | H13: 0.7908837 | I13: =(F13-E13)*100 -> -9.719656 | J13: =(H13-G13)*100 -> -5.7220934 | K13: =I13-J13 -> -3.9975626 | L13: 2.8116132 | M13: =K13-1.96*L13 -> -9.5083246 | N13: =K13+1.96*L13 -> 1.5131993 | O13: =2*(1-NORMSDIST(ABS(K13/L13))) -> 0.15508319 | P13: =IF(O13<0.01,"**",IF(O13<0.05,"*","")) | Q13: 585 | R13: 375
A14: A. Percepción de inseguridad | B14: % se siente inseguro: Taxis amarillos | C14: PSC_11 | D14: Excluye "No aplica" | E14: 0.74673776 | F14: 0.52337421 | G14: 0.68089818 | H14: 0.51812123 | I14: =(F14-E14)*100 -> -22.336355 | J14: =(H14-G14)*100 -> -16.277695 | K14: =I14-J14 -> -6.0586596 | L14: 3.975732 | M14: =K14-1.96*L14 -> -13.851094 | N14: =K14+1.96*L14 -> 1.7337751 | O14: =2*(1-NORMSDIST(ABS(K14/L14))) -> 0.12753108 | P14: =IF(O14<0.01,"**",IF(O14<0.05,"*","")) | Q14: 562 | R14: 363
A15: A. Percepción de inseguridad | B15: % se siente inseguro: Transporte por aplicaciones | C15: PSC_12 | D15: Excluye "No aplica" | E15: 0.68827145 | F15: 0.41791368 | G15: 0.57779933 | H15: 0.37836996 | I15: =(F15-E15)*100 -> -27.035778 | J15: =(H15-G15)*100 -> -19.942937 | K15: =I15-J15 -> -7.0928404 | L15: 4.4322775 | M15: =K15-1.96*L15 -> -15.780104 | N15: =K15+1.96*L15 -> 1.5944236 | O15: =2*(1-NORMSDIST(ABS(K15/L15))) -> 0.10953872 | P15: =IF(O15<0.01,"**",IF(O15<0.05,"*","")) | Q15: 501 | R15: 335
A16: A. Percepción de inseguridad | B16: % se siente inseguro: Espectáculos públicos | C16: PSC_13 | D16: Excluye "No aplica" | E16: 0.73975123 | F16: 0.68302702 | G16: 0.69148154 | H16: 0.65129608 | I16: =(F16-E16)*100 -> -5.6724211 | J16: =(H16-G16)*100 -> -4.0185459 | K16: =I16-J16 -> -1.6538753 | L16: 4.2056151 | M16: =K16-1.96*L16 -> -9.8968809 | N16: =K16+1.96*L16 -> 6.5891303 | O16: =2*(1-NORMSDIST(ABS(K16/L16))) -> 0.69413183 | P16: =IF(O16<0.01,"**",IF(O16<0.05,"*","")) | Q16: 506 | R16: 316
A17: A. Percepción de inseguridad | B17: % se siente inseguro: Caminando solo/a en el barrio de día | C17: PSC_14 | D17: Excluye "No aplica" | E17: 0.62149613 | F17: 0.48911583 | G17: 0.48283286 | H17: 0.41590834 | I17: =(F17-E17)*100 -> -13.23803 | J17: =(H17-G17)*100 -> -6.6924518 | K17: =I17-J17 -> -6.5455782 | L17: 4.029514 | M17: =K17-1.96*L17 -> -14.443426 | N17: =K17+1.96*L17 -> 1.3522693 | O17: =2*(1-NORMSDIST(ABS(K17/L17))) -> 0.10428858 | P17: =IF(O17<0.01,"**",IF(O17<0.05,"*","")) | Q17: 613 | R17: 407
A18: A. Percepción de inseguridad | B18: % se siente inseguro: Caminando solo/a en el barrio de noche | C18: PSC_15 | D18: Excluye "No aplica" | E18: 0.90258307 | F18: 0.93207258 | G18: 0.82634782 | H18: 0.8656658 | I18: =(F18-E18)*100 -> 2.9489507 | J18: =(H18-G18)*100 -> 3.9317981 | K18: =I18-J18 -> -0.98284736 | L18: 2.3832509 | M18: =K18-1.96*L18 -> -5.6540191 | N18: =K18+1.96*L18 -> 3.6883243 | O18: =2*(1-NORMSDIST(ABS(K18/L18))) -> 0.68004789 | P18: =IF(O18<0.01,"**",IF(O18<0.05,"*","")) | Q18: 603 | R18: 398
A19: B. Evolución percibida de la delincuencia
A20: B. Evolución percibida de la delincuencia | B20: % cree que la delincuencia aumentó en su barrio | C20: PSC_16 | D20: Excluye "No aplica" | E20: 0.67715915 | F20: 0.61326219 | G20: 0.56754943 | H20: 0.50633699 | I20: =(F20-E20)*100 -> -6.3896966 | J20: =(H20-G20)*100 -> -6.1212445 | K20: =I20-J20 -> -0.26845215 | L20: 3.8193589 | M20: =K20-1.96*L20 -> -7.7543956 | N20: =K20+1.96*L20 -> 7.2174913 | O20: =2*(1-NORMSDIST(ABS(K20/L20))) -> 0.94396505 | P20: =IF(O20<0.01,"**",IF(O20<0.05,"*","")) | Q20: 618 | R20: 411
A21: B. Evolución percibida de la delincuencia | B21: % cree que la delincuencia aumentó en Quito | C21: PSC_17 | D21: Excluye "No aplica" | E21: 0.9228116 | F21: 0.92727778 | G21: 0.90588183 | H21: 0.87266384 | I21: =(F21-E21)*100 -> 0.44661841 | J21: =(H21-G21)*100 -> -3.3217995 | K21: =I21-J21 -> 3.7684179 | L21: 2.1584329 | M21: =K21-1.96*L21 -> -0.46211056 | N21: =K21+1.96*L21 -> 7.9989463 | O21: =2*(1-NORMSDIST(ABS(K21/L21))) -> 0.080827531 | P21: =IF(O21<0.01,"**",IF(O21<0.05,"*","")) | Q21: 618 | R21: 413
A22: B. Evolución percibida de la delincuencia | B22: % cree que la delincuencia aumentó en el país | C22: PSC_18 | D22: Excluye "No aplica" | E22: 0.93792626 | F22: 0.9491632 | G22: 0.95329188 | H22: 0.91147317 | I22: =(F22-E22)*100 -> 1.1236944 | J22: =(H22-G22)*100 -> -4.1818705 | K22: =I22-J22 -> 5.3055648 | L22: 1.9024846 | M22: =K22-1.96*L22 -> 1.576695 | N22: =K22+1.96*L22 -> 9.0344346 | O22: =2*(1-NORMSDIST(ABS(K22/L22))) -> 0.0052910953 | P22: =IF(O22<0.01,"**",IF(O22<0.05,"*","")) -> ** | Q22: 621 | R22: 413
A23: C. Problemas percibidos en el barrio
A24: C. Problemas percibidos en el barrio | B24: % reporta: Peleas o riñas | C24: CC_1 | D24: Excluye Ns/Nc | E24: 0.58864501 | F24: 0.49025429 | G24: 0.49601853 | H24: 0.53976703 | I24: =(F24-E24)*100 -> -9.8390718 | J24: =(H24-G24)*100 -> 4.3748497 | K24: =I24-J24 -> -14.213922 | L24: 3.964054 | M24: =K24-1.96*L24 -> -21.983467 | N24: =K24+1.96*L24 -> -6.4443756 | O24: =2*(1-NORMSDIST(ABS(K24/L24))) -> 0.00033617102 | P24: =IF(O24<0.01,"**",IF(O24<0.05,"*","")) -> ** | Q24: 614 | R24: 409
A25: C. Problemas percibidos en el barrio | B25: % reporta: Pandillas o grupos delictivos | C25: CC_2 | D25: Excluye Ns/Nc | E25: 0.56214801 | F25: 0.41593475 | G25: 0.39405102 | H25: 0.46478598 | I25: =(F25-E25)*100 -> -14.621326 | J25: =(H25-G25)*100 -> 7.0734959 | K25: =I25-J25 -> -21.694822 | L25: 4.0660189 | M25: =K25-1.96*L25 -> -29.664219 | N25: =K25+1.96*L25 -> -13.725425 | O25: =2*(1-NORMSDIST(ABS(K25/L25))) -> 9.5206972e-08 | P25: =IF(O25<0.01,"**",IF(O25<0.05,"*","")) -> ** | Q25: 602 | R25: 390
A26: C. Problemas percibidos en el barrio | B26: % reporta: Consumo de alcohol en espacio público | C26: CC_3 | D26: Excluye Ns/Nc | E26: 0.80361126 | F26: 0.7422089 | G26: 0.70958331 | H26: 0.76020996 | I26: =(F26-E26)*100 -> -6.1402362 | J26: =(H26-G26)*100 -> 5.0626656 | K26: =I26-J26 -> -11.202902 | L26: 3.2903605 | M26: =K26-1.96*L26 -> -17.652008 | N26: =K26+1.96*L26 -> -4.7537952 | O26: =2*(1-NORMSDIST(ABS(K26/L26))) -> 0.00066221199 | P26: =IF(O26<0.01,"**",IF(O26<0.05,"*","")) -> ** | Q26: 621 | R26: 407
A27: C. Problemas percibidos en el barrio | B27: % reporta: Venta clandestina de alcohol | C27: CC_4 | D27: Excluye Ns/Nc | E27: 0.52053702 | F27: 0.43803286 | G27: 0.42384907 | H27: 0.4222328 | I27: =(F27-E27)*100 -> -8.250416 | J27: =(H27-G27)*100 -> -0.16162687 | K27: =I27-J27 -> -8.0887891 | L27: 4.1622775 | M27: =K27-1.96*L27 -> -16.246853 | N27: =K27+1.96*L27 -> 0.069274753 | O27: =2*(1-NORMSDIST(ABS(K27/L27))) -> 0.051973096 | P27: =IF(O27<0.01,"**",IF(O27<0.05,"*","")) | Q27: 583 | R27: 370
A28: C. Problemas percibidos en el barrio | B28: % reporta: Consumo de drogas en espacio público | C28: CC_5 | D28: Excluye Ns/Nc | E28: 0.51624712 | F28: 0.60216519 | G28: 0.45754886 | H28: 0.541175 | I28: =(F28-E28)*100 -> 8.5918064 | J28: =(H28-G28)*100 -> 8.3626149 | K28: =I28-J28 -> 0.22919144 | L28: 4.1365722 | M28: =K28-1.96*L28 -> -7.8784901 | N28: =K28+1.96*L28 -> 8.3368729 | O28: =2*(1-NORMSDIST(ABS(K28/L28))) -> 0.95581492 | P28: =IF(O28<0.01,"**",IF(O28<0.05,"*","")) | Q28: 573 | R28: 377
A29: C. Problemas percibidos en el barrio | B29: % reporta: Venta de drogas en espacio público | C29: CC_6 | D29: Excluye Ns/Nc | E29: 0.43370467 | F29: 0.40350783 | G29: 0.32130828 | H29: 0.37499767 | I29: =(F29-E29)*100 -> -3.0196842 | J29: =(H29-G29)*100 -> 5.3689393 | K29: =I29-J29 -> -8.3886235 | L29: 4.2965117 | M29: =K29-1.96*L29 -> -16.809786 | N29: =K29+1.96*L29 -> 0.032539391 | O29: =2*(1-NORMSDIST(ABS(K29/L29))) -> 0.050887583 | P29: =IF(O29<0.01,"**",IF(O29<0.05,"*","")) | Q29: 561 | R29: 337
A30: C. Problemas percibidos en el barrio | B30: % reporta: Calles sin iluminación | C30: CC_7 | D30: Excluye Ns/Nc | E30: 0.45821619 | F30: 0.39973246 | G30: 0.37739934 | H30: 0.35386677 | I30: =(F30-E30)*100 -> -5.8483732 | J30: =(H30-G30)*100 -> -2.3532568 | K30: =I30-J30 -> -3.4951164 | L30: 4.0329591 | M30: =K30-1.96*L30 -> -11.399716 | N30: =K30+1.96*L30 -> 4.4094834 | O30: =2*(1-NORMSDIST(ABS(K30/L30))) -> 0.38614028 | P30: =IF(O30<0.01,"**",IF(O30<0.05,"*","")) | Q30: 618 | R30: 411
A31: C. Problemas percibidos en el barrio | B31: % reporta: Apropiación de viviendas por grupos delictivos | C31: CC_8 | D31: Excluye Ns/Nc | E31: 0.071152793 | F31: 0.094611196 | G31: 0.07889576 | H31: 0.10695748 | I31: =(F31-E31)*100 -> 2.3458404 | J31: =(H31-G31)*100 -> 2.8061716 | K31: =I31-J31 -> -0.46033128 | L31: 2.1496078 | M31: =K31-1.96*L31 -> -4.6735625 | N31: =K31+1.96*L31 -> 3.7529 | O31: =2*(1-NORMSDIST(ABS(K31/L31))) -> 0.83043271 | P31: =IF(O31<0.01,"**",IF(O31<0.05,"*","")) | Q31: 599 | R31: 391
A32: C. Problemas percibidos en el barrio | B32: % reporta: Reclutamiento de NNA | C32: CC_9 | D32: Excluye Ns/Nc | E32: 0.099910782 | F32: 0.050879899 | G32: 0.074822857 | H32: 0.067799451 | I32: =(F32-E32)*100 -> -4.9030883 | J32: =(H32-G32)*100 -> -0.70234062 | K32: =I32-J32 -> -4.2007476 | L32: 2.4068667 | M32: =K32-1.96*L32 -> -8.9182064 | N32: =K32+1.96*L32 -> 0.5167111 | O32: =2*(1-NORMSDIST(ABS(K32/L32))) -> 0.080929541 | P32: =IF(O32<0.01,"**",IF(O32<0.05,"*","")) | Q32: 591 | R32: 374
A33: C. Problemas percibidos en el barrio | B33: % vio civiles armados en su barrio | C33: TA_3 | D33: Excluye Ns/Nc | E33: 0.12227748 | F33: 0.11192662 | G33: 0.12662911 | H33: 0.092827495 | I33: =(F33-E33)*100 -> -1.0350858 | J33: =(H33-G33)*100 -> -3.3801618 | K33: =I33-J33 -> 2.3450761 | L33: 2.5834504 | M33: =K33-1.96*L33 -> -2.7184868 | N33: =K33+1.96*L33 -> 7.408639 | O33: =2*(1-NORMSDIST(ABS(K33/L33))) -> 0.36402077 | P33: =IF(O33<0.01,"**",IF(O33<0.05,"*","")) | Q33: 610 | R33: 412
A34: D. Victimización (12 meses)
A35: D. Victimización (12 meses) | B35: % víctima de al menos un delito personal (robo, hurto, estafa, fraude, agresión, amenaza, extorsión) | C35: VI_PERS | D35: Todos los encuestados | E35: 0.24991808 | F35: 0.37211763 | G35: 0.23957534 | H35: 0.2854243 | I35: =(F35-E35)*100 -> 12.219955 | J35: =(H35-G35)*100 -> 4.584896 | K35: =I35-J35 -> 7.6350592 | L35: 3.6225561 | M35: =K35-1.96*L35 -> 0.53484916 | N35: =K35+1.96*L35 -> 14.735269 | O35: =2*(1-NORMSDIST(ABS(K35/L35))) -> 0.035061783 | P35: =IF(O35<0.01,"**",IF(O35<0.05,"*","")) -> * | Q35: 625 | R35: 414
A36: D. Victimización (12 meses) | B36: % hogares con al menos un delito contra el hogar (vivienda, vehículo, moto, autopartes, negocio, secuestro) | C36: VI_HOG | D36: Todos los hogares; ítems filtrados = 0 si no aplica | E36: 0.14745707 | F36: 0.21446293 | G36: 0.14319932 | H36: 0.16946635 | I36: =(F36-E36)*100 -> 6.7005865 | J36: =(H36-G36)*100 -> 2.626703 | K36: =I36-J36 -> 4.0738835 | L36: 2.9434803 | M36: =K36-1.96*L36 -> -1.6953378 | N36: =K36+1.96*L36 -> 9.8431048 | O36: =2*(1-NORMSDIST(ABS(K36/L36))) -> 0.16634734 | P36: =IF(O36<0.01,"**",IF(O36<0.05,"*","")) | Q36: 625 | R36: 414
A37: D. Victimización (12 meses) | B37: % víctima: Robo con violencia o amenaza | C37: VI_6 | D37: Todos los encuestados | E37: 0.086729947 | F37: 0.12098657 | G37: 0.09510615 | H37: 0.12986524 | I37: =(F37-E37)*100 -> 3.4256624 | J37: =(H37-G37)*100 -> 3.4759091 | K37: =I37-J37 -> -0.050246714 | L37: 2.2595194 | M37: =K37-1.96*L37 -> -4.4789048 | N37: =K37+1.96*L37 -> 4.3784113 | O37: =2*(1-NORMSDIST(ABS(K37/L37))) -> 0.98225827 | P37: =IF(O37<0.01,"**",IF(O37<0.05,"*","")) | Q37: 625 | R37: 414
A38: D. Victimización (12 meses) | B38: % víctima: Hurto (sin violencia) | C38: VI_7 | D38: Todos los encuestados | E38: 0.080587534 | F38: 0.15706363 | G38: 0.085990528 | H38: 0.11617419 | I38: =(F38-E38)*100 -> 7.6476095 | J38: =(H38-G38)*100 -> 3.0183658 | K38: =I38-J38 -> 4.6292438 | L38: 2.6269033 | M38: =K38-1.96*L38 -> -0.51948658 | N38: =K38+1.96*L38 -> 9.7779742 | O38: =2*(1-NORMSDIST(ABS(K38/L38))) -> 0.078028126 | P38: =IF(O38<0.01,"**",IF(O38<0.05,"*","")) | Q38: 625 | R38: 414
A39: D. Victimización (12 meses) | B39: % víctima: Estafa | C39: VI_8 | D39: Todos los encuestados | E39: 0.054848613 | F39: 0.077211034 | G39: 0.053258724 | H39: 0.063852752 | I39: =(F39-E39)*100 -> 2.2362421 | J39: =(H39-G39)*100 -> 1.0594028 | K39: =I39-J39 -> 1.1768393 | L39: 1.8792563 | M39: =K39-1.96*L39 -> -2.506503 | N39: =K39+1.96*L39 -> 4.8601816 | O39: =2*(1-NORMSDIST(ABS(K39/L39))) -> 0.53116666 | P39: =IF(O39<0.01,"**",IF(O39<0.05,"*","")) | Q39: 625 | R39: 414
A40: D. Victimización (12 meses) | B40: % víctima: Fraude bancario | C40: VI_9 | D40: Todos los encuestados | E40: 0.037461634 | F40: 0.048285172 | G40: 0.030587634 | H40: 0.045977678 | I40: =(F40-E40)*100 -> 1.0823538 | J40: =(H40-G40)*100 -> 1.5390044 | K40: =I40-J40 -> -0.45665061 | L40: 1.5331051 | M40: =K40-1.96*L40 -> -3.4615367 | N40: =K40+1.96*L40 -> 2.5482354 | O40: =2*(1-NORMSDIST(ABS(K40/L40))) -> 0.76581006 | P40: =IF(O40<0.01,"**",IF(O40<0.05,"*","")) | Q40: 625 | R40: 414
A41: D. Victimización (12 meses) | B41: % víctima: Agresión física por desconocido | C41: VI_11 | D41: Todos los encuestados | E41: 0.05424312 | F41: 0.033749271 | G41: 0.027424416 | H41: 0.039178553 | I41: =(F41-E41)*100 -> -2.0493849 | J41: =(H41-G41)*100 -> 1.1754137 | K41: =I41-J41 -> -3.2247986 | L41: 1.6344836 | M41: =K41-1.96*L41 -> -6.4283865 | N41: =K41+1.96*L41 -> -0.021210748 | O41: =2*(1-NORMSDIST(ABS(K41/L41))) -> 0.048498179 | P41: =IF(O41<0.01,"**",IF(O41<0.05,"*","")) -> * | Q41: 625 | R41: 414
A42: D. Victimización (12 meses) | B42: % víctima: Amenaza creíble | C42: VI_12 | D42: Todos los encuestados | E42: 0.039425168 | F42: 0.077211034 | G42: 0.040473237 | H42: 0.050999017 | I42: =(F42-E42)*100 -> 3.7785865 | J42: =(H42-G42)*100 -> 1.0525781 | K42: =I42-J42 -> 2.7260085 | L42: 1.7571847 | M42: =K42-1.96*L42 -> -0.71807357 | N42: =K42+1.96*L42 -> 6.1700905 | O42: =2*(1-NORMSDIST(ABS(K42/L42))) -> 0.12081784 | P42: =IF(O42<0.01,"**",IF(O42<0.05,"*","")) | Q42: 625 | R42: 414
A43: D. Victimización (12 meses) | B43: % víctima: Extorsión | C43: VI_13 | D43: Todos los encuestados | E43: 0.01422472 | F43: 0.0072825452 | G43: 0.0088363324 | H43: 0.013723989 | I43: =(F43-E43)*100 -> -0.69421751 | J43: =(H43-G43)*100 -> 0.48876563 | K43: =I43-J43 -> -1.1829831 | L43: 0.72730437 | M43: =K43-1.96*L43 -> -2.6084997 | N43: =K43+1.96*L43 -> 0.24253342 | O43: =2*(1-NORMSDIST(ABS(K43/L43))) -> 0.10383673 | P43: =IF(O43<0.01,"**",IF(O43<0.05,"*","")) | Q43: 625 | R43: 414
A44: D. Victimización (12 meses) | B44: % víctima: Pago de soborno a funcionario | C44: VI_10 | D44: Todos los encuestados | E44: 0.019737424 | F44: 0.041243431 | G44: 0.01400925 | H44: 0.018050275 | I44: =(F44-E44)*100 -> 2.1506007 | J44: =(H44-G44)*100 -> 0.40410251 | K44: =I44-J44 -> 1.7464982 | L44: 1.3264511 | M44: =K44-1.96*L44 -> -0.853346 | N44: =K44+1.96*L44 -> 4.3463424 | O44: =2*(1-NORMSDIST(ABS(K44/L44))) -> 0.18794932 | P44: =IF(O44<0.01,"**",IF(O44<0.05,"*","")) | Q44: 625 | R44: 414
A45: D. Victimización (12 meses) | B45: % víctima: Robo a la vivienda | C45: VI_4 | D45: Todos los hogares | E45: 0.088680181 | F45: 0.082027147 | G45: 0.066352114 | H45: 0.058271582 | I45: =(F45-E45)*100 -> -0.66530344 | J45: =(H45-G45)*100 -> -0.80805319 | K45: =I45-J45 -> 0.14274975 | L45: 2.2184372 | M45: =K45-1.96*L45 -> -4.2053871 | N45: =K45+1.96*L45 -> 4.4908866 | O45: =2*(1-NORMSDIST(ABS(K45/L45))) -> 0.94869394 | P45: =IF(O45<0.01,"**",IF(O45<0.05,"*","")) | Q45: 606 | R45: 414
A46: D. Victimización (12 meses) | B46: % víctima: Secuestro (algún miembro del hogar) | C46: VI_14 | D46: Todos los hogares | E46: 0.0066763541 | F46: 0.014448336 | G46: 0.0085304609 | H46: 0.0040993899 | I46: =(F46-E46)*100 -> 0.77719823 | J46: =(H46-G46)*100 -> -0.4431071 | K46: =I46-J46 -> 1.2203053 | L46: 0.74968935 | M46: =K46-1.96*L46 -> -0.2490858 | N46: =K46+1.96*L46 -> 2.6896964 | O46: =2*(1-NORMSDIST(ABS(K46/L46))) -> 0.10357833 | P46: =IF(O46<0.01,"**",IF(O46<0.05,"*","")) | Q46: 625 | R46: 414
... A50: D. Victimización (12 meses) | B50: % víctima: Robo a negocio en la vivienda (hogares con negocio) | C50: VI_5_1 | D50: Solo hogares a los que aplica el filtro | E50: 0.18369056 | F50: 0.29946455 | G50: 0.20444663 | H50: 0.21637613 | I50: =(F50-E50)*100 -> 11.577399 | J50: =(H50-G50)*100 -> 1.1929498 | K50: =I50-J50 -> 10.38445 | L50: 8.513392 | M50: =K50-1.96*L50 -> -6.3017986 | N50: =K50+1.96*L50 -> 27.070698 | O50: =2*(1-NORMSDIST(ABS(K50/L50))) -> 0.22254898 | P50: =IF(O50<0.01,"**",IF(O50<0.05,"*","")) | Q50: 89 | R50: 70
A51: E. Confianza institucional
A52: E. Confianza institucional | B52: % confía en: Policía Nacional | C52: CIE_4_1 | D52: Solo quienes dicen conocer sus funciones | E52: 0.5406922 | F52: 0.37084865 | G52: 0.45392256 | H52: 0.49332189 | I52: =(F52-E52)*100 -> -16.984355 | J52: =(H52-G52)*100 -> 3.9399336 | K52: =I52-J52 -> -20.924289 | L52: 4.5645985 | M52: =K52-1.96*L52 -> -29.870902 | N52: =K52+1.96*L52 -> -11.977676 | O52: =2*(1-NORMSDIST(ABS(K52/L52))) -> 4.5608321e-06 | P52: =IF(O52<0.01,"**",IF(O52<0.05,"*","")) -> ** | Q52: 439 | R52: 383 | S52: La proporción que conoce la institución cambió mucho entre olas: base no comparable
A53: E. Confianza institucional | B53: % confía en: Fuerzas Armadas | C53: CIE_5_1 | D53: Solo quienes dicen conocer sus funciones | E53: 0.77656109 | F53: 0.58420019 | G53: 0.74852123 | H53: 0.71841088 | I53: =(F53-E53)*100 -> -19.23609 | J53: =(H53-G53)*100 -> -3.0110343 | K53: =I53-J53 -> -16.225056 | L53: 4.2038779 | M53: =K53-1.96*L53 -> -24.464656 | N53: =K53+1.96*L53 -> -7.9854549 | O53: =2*(1-NORMSDIST(ABS(K53/L53))) -> 0.00011359838 | P53: =IF(O53<0.01,"**",IF(O53<0.05,"*","")) -> ** | Q53: 427 | R53: 351 | S53: La proporción que conoce la institución cambió mucho entre olas: base no comparable
A54: E. Confianza institucional | B54: % confía en: Fiscalía | C54: CIE_3_1 | D54: Solo quienes dicen conocer sus funciones | E54: 0.55314862 | F54: 0.22289969 | G54: 0.43708567 | H54: 0.30283931 | I54: =(F54-E54)*100 -> -33.024894 | J54: =(H54-G54)*100 -> -13.424636 | K54: =I54-J54 -> -19.600258 | L54: 6.0433774 | M54: =K54-1.96*L54 -> -31.445278 | N54: =K54+1.96*L54 -> -7.7552384 | O54: =2*(1-NORMSDIST(ABS(K54/L54))) -> 0.0011816937 | P54: =IF(O54<0.01,"**",IF(O54<0.05,"*","")) -> ** | Q54: 210 | R54: 287 | S54: La proporción que conoce la institución cambió mucho entre olas: base no comparable
A55: E. Confianza institucional | B55: % confía en: Juzgados y cortes | C55: CIE_1_1 | D55: Solo quienes dicen conocer sus funciones | E55: 0.46916118 | F55: 0.18932406 | G55: 0.40784948 | H55: 0.24710685 | I55: =(F55-E55)*100 -> -27.983713 | J55: =(H55-G55)*100 -> -16.074263 | K55: =I55-J55 -> -11.90945 | L55: 7.7756188 | M55: =K55-1.96*L55 -> -27.149663 | N55: =K55+1.96*L55 -> 3.330763 | O55: =2*(1-NORMSDIST(ABS(K55/L55))) -> 0.12561126 | P55: =IF(O55<0.01,"**",IF(O55<0.05,"*","")) | Q55: 119 | R55: 216 | S55: La proporción que conoce la institución cambió mucho entre olas: base no comparable
A56: E. Confianza institucional | B56: % confía en: ECU 911 | C56: CIE_2_1 | D56: Solo quienes dicen conocer sus funciones | E56: 0.6364699 | F56: 0.40427403 | G56: 0.58577075 | H56: 0.54804383 | I56: =(F56-E56)*100 -> -23.219587 | J56: =(H56-G56)*100 -> -3.7726922 | K56: =I56-J56 -> -19.446895 | L56: 4.4652591 | M56: =K56-1.96*L56 -> -28.198803 | N56: =K56+1.96*L56 -> -10.694987 | O56: =2*(1-NORMSDIST(ABS(K56/L56))) -> 1.3297289e-05 | P56: =IF(O56<0.01,"**",IF(O56<0.05,"*","")) -> ** | Q56: 400 | R56: 371 | S56: La proporción que conoce la institución cambió mucho entre olas: base no comparable
A57: E. Confianza institucional | B57: % confía en: Agentes de Control Metropolitano (CACMQ) | C57: CIM_4_1 | D57: Solo quienes dicen conocer sus funciones | E57: 0.54803881 | F57: 0.36665874 | G57: 0.45920424 | H57: 0.43544104 | I57: =(F57-E57)*100 -> -18.138008 | J57: =(H57-G57)*100 -> -2.3763197 | K57: =I57-J57 -> -15.761688 | L57: 5.9158031 | M57: =K57-1.96*L57 -> -27.356662 | N57: =K57+1.96*L57 -> -4.1667139 | O57: =2*(1-NORMSDIST(ABS(K57/L57))) -> 0.0077140439 | P57: =IF(O57<0.01,"**",IF(O57<0.05,"*","")) -> ** | Q57: 242 | R57: 292 | S57: La proporción que conoce la institución cambió mucho entre olas: base no comparable
A58: E. Confianza institucional | B58: % confía en: Secretaría de Seguridad (municipal) | C58: CIM_5_1 | D58: Solo quienes dicen conocer sus funciones | E58: 0.78592883 | F58: 0.56660428 | G58: 0.68814164 | H58: 0.62579907 | I58: =(F58-E58)*100 -> -21.932455 | J58: =(H58-G58)*100 -> -6.2342571 | K58: =I58-J58 -> -15.698198 | L58: 7.2955099 | M58: =K58-1.96*L58 -> -29.997398 | N58: =K58+1.96*L58 -> -1.398999 | O58: =2*(1-NORMSDIST(ABS(K58/L58))) -> 0.031416132 | P58: =IF(O58<0.01,"**",IF(O58<0.05,"*","")) -> * | Q58: 132 | R58: 113 | S58: La proporción que conoce la institución cambió mucho entre olas: base no comparable
A59: F. Cambios de hábitos por inseguridad
A60: F. Cambios de hábitos por inseguridad | B60: % redujo la frecuencia de: Salir de noche | C60: CH_1 | D60: Excluye Ns/Nc y No aplica | E60: 0.70620536 | F60: 0.7420349 | G60: 0.67966768 | H60: 0.62269014 | I60: =(F60-E60)*100 -> 3.5829534 | J60: =(H60-G60)*100 -> -5.6977537 | K60: =I60-J60 -> 9.2807071 | L60: 4.0348973 | M60: =K60-1.96*L60 -> 1.3723084 | N60: =K60+1.96*L60 -> 17.189106 | O60: =2*(1-NORMSDIST(ABS(K60/L60))) -> 0.021441996 | P60: =IF(O60<0.01,"**",IF(O60<0.05,"*","")) -> * | Q60: 514 | R60: 345
A61: F. Cambios de hábitos por inseguridad | B61: % redujo la frecuencia de: Visitar espacios recreativos públicos | C61: CH_2 | D61: Excluye Ns/Nc y No aplica | E61: 0.60994897 | F61: 0.53443685 | G61: 0.57376569 | H61: 0.49146879 | I61: =(F61-E61)*100 -> -7.5512118 | J61: =(H61-G61)*100 -> -8.2296897 | K61: =I61-J61 -> 0.67847787 | L61: 4.3575394 | M61: =K61-1.96*L61 -> -7.8622994 | N61: =K61+1.96*L61 -> 9.2192551 | O61: =2*(1-NORMSDIST(ABS(K61/L61))) -> 0.87626787 | P61: =IF(O61<0.01,"**",IF(O61<0.05,"*","")) | Q61: 518 | R61: 372
A62: F. Cambios de hábitos por inseguridad | B62: % redujo la frecuencia de: Dejar salir solos a hijos menores | C62: CH_3 | D62: Excluye Ns/Nc y No aplica | E62: 0.82699105 | F62: 0.81375254 | G62: 0.78313076 | H62: 0.71320671 | I62: =(F62-E62)*100 -> -1.3238512 | J62: =(H62-G62)*100 -> -6.9924047 | K62: =I62-J62 -> 5.6685535 | L62: 4.6202906 | M62: =K62-1.96*L62 -> -3.3872161 | N62: =K62+1.96*L62 -> 14.724323 | O62: =2*(1-NORMSDIST(ABS(K62/L62))) -> 0.21986678 | P62: =IF(O62<0.01,"**",IF(O62<0.05,"*","")) | Q62: 309 | R62: 150
A63: F. Cambios de hábitos por inseguridad | B63: % redujo la frecuencia de: Visitar lugares turísticos | C63: CH_4 | D63: Excluye Ns/Nc y No aplica | E63: 0.6799721 | F63: 0.56241799 | G63: 0.56763393 | H63: 0.53636781 | I63: =(F63-E63)*100 -> -11.755411 | J63: =(H63-G63)*100 -> -3.1266125 | K63: =I63-J63 -> -8.6287983 | L63: 4.3263427 | M63: =K63-1.96*L63 -> -17.10843 | N63: =K63+1.96*L63 -> -0.1491667 | O63: =2*(1-NORMSDIST(ABS(K63/L63))) -> 0.046099765 | P63: =IF(O63<0.01,"**",IF(O63<0.05,"*","")) -> * | Q63: 482 | R63: 382
A64: F. Cambios de hábitos por inseguridad | B64: % redujo la frecuencia de: Asistir a eventos culturales/deportivos | C64: CH_5 | D64: Excluye Ns/Nc y No aplica | E64: 0.75703294 | F64: 0.65062569 | G64: 0.63121375 | H64: 0.5852555 | I64: =(F64-E64)*100 -> -10.640725 | J64: =(H64-G64)*100 -> -4.5958244 | K64: =I64-J64 -> -6.0449007 | L64: 4.2109893 | M64: =K64-1.96*L64 -> -14.29844 | N64: =K64+1.96*L64 -> 2.2086383 | O64: =2*(1-NORMSDIST(ABS(K64/L64))) -> 0.15114294 | P64: =IF(O64<0.01,"**",IF(O64<0.05,"*","")) | Q64: 393 | R64: 344
A65: F. Cambios de hábitos por inseguridad | B65: % redujo la frecuencia de: Caminar por el barrio | C65: CH_6 | D65: Excluye Ns/Nc y No aplica | E65: 0.67384375 | F65: 0.40607689 | G65: 0.54112131 | H65: 0.37997537 | I65: =(F65-E65)*100 -> -26.776685 | J65: =(H65-G65)*100 -> -16.114594 | K65: =I65-J65 -> -10.662091 | L65: 4.1163868 | M65: =K65-1.96*L65 -> -18.73021 | N65: =K65+1.96*L65 -> -2.5939733 | O65: =2*(1-NORMSDIST(ABS(K65/L65))) -> 0.0095931939 | P65: =IF(O65<0.01,"**",IF(O65<0.05,"*","")) -> ** | Q65: 495 | R65: 398 | S65: "No aplica" cae de 17% a 2% entre olas: base no comparable
A66: F. Cambios de hábitos por inseguridad | B66: % participa en iniciativas barriales de seguridad | C66: SP_5 | D66: Todos los encuestados | E66: 0.37089719 | F66: 0.34782545 | G66: 0.37722499 | H66: 0.29517039 | I66: =(F66-E66)*100 -> -2.3071742 | J66: =(H66-G66)*100 -> -8.2054595 | K66: =I66-J66 -> 5.8982853 | L66: 3.9349635 | M66: =K66-1.96*L66 -> -1.8142433 | N66: =K66+1.96*L66 -> 13.610814 | O66: =2*(1-NORMSDIST(ABS(K66/L66))) -> 0.13388847 | P66: =IF(O66<0.01,"**",IF(O66<0.05,"*","")) | Q66: 625 | R66: 414
A68: Azul: insumos calculados en Python (medias ponderadas y EE de la regresión). Negro: fórmulas.

Sheet Choco Andino
A1: Choco Andino vs. resto del DMQ: cambio 2023-2024 → 2025-2026
A2: Proporciones ponderadas (peso_az_estrato). DiD = cambio AZ − cambio resto. EE robusto HC1. El signo describe la dirección del indicador, sin valoración.
A4: Bloque | B4: Indicador | C4: Código | D4: Base | E4: AZ 2023 | F4: AZ 2025 | G4: Resto 2023 | H4: Resto 2025 | I4: Cambio AZ (pp) | J4: Cambio resto (pp) | K4: DiD (pp) | L4: EE (pp) | M4: IC95 inf (pp) | N4: IC95 sup (pp) | O4: Valor p | P4: Sig. | Q4: n AZ 2023 | R4: n AZ 2025 | S4: Advertencia
A5: A. Percepción de inseguridad
A6: A. Percepción de inseguridad | B6: % se siente inseguro: Alrededor de su casa | C6: PSC_1 | D6: Excluye "No aplica" | E6: 0.27140731 | F6: 0.2565606 | G6: 0.56656689 | H6: 0.5578843 | I6: =(F6-E6)*100 -> -1.4846707 | J6: =(H6-G6)*100 -> -0.86825907 | K6: =I6-J6 -> -0.6164116 | L6: 5.3683136 | M6: =K6-1.96*L6 -> -11.138306 | N6: =K6+1.96*L6 -> 9.905483 | O6: =2*(1-NORMSDIST(ABS(K6/L6))) -> 0.90858457 | P6: =IF(O6<0.01,"**",IF(O6<0.05,"*","")) | Q6: 215 | R6: 270
A7: A. Percepción de inseguridad | B7: % se siente inseguro: En su barrio | C7: PSC_2 | D7: Excluye "No aplica" | E7: 0.28293562 | F7: 0.3320059 | G7: 0.64506067 | H7: 0.68449043 | I7: =(F7-E7)*100 -> 4.9070282 | J7: =(H7-G7)*100 -> 3.9429763 | K7: =I7-J7 -> 0.96405189 | L7: 5.5744869 | M7: =K7-1.96*L7 -> -9.9619424 | N7: =K7+1.96*L7 -> 11.890046 | O7: =2*(1-NORMSDIST(ABS(K7/L7))) -> 0.86269857 | P7: =IF(O7<0.01,"**",IF(O7<0.05,"*","")) | Q7: 214 | R7: 270
A8: A. Percepción de inseguridad | B8: % se siente inseguro: Cerca de centros educativos | C8: PSC_4 | D8: Excluye "No aplica" | E8: 0.32514443 | F8: 0.24281305 | G8: 0.61020605 | H8: 0.56613547 | I8: =(F8-E8)*100 -> -8.233138 | J8: =(H8-G8)*100 -> -4.4070575 | K8: =I8-J8 -> -3.8260806 | L8: 6.0058291 | M8: =K8-1.96*L8 -> -15.597506 | N8: =K8+1.96*L8 -> 7.9453446 | O8: =2*(1-NORMSDIST(ABS(K8/L8))) -> 0.524085 | P8: =IF(O8<0.01,"**",IF(O8<0.05,"*","")) | Q8: 190 | R8: 234
A9: A. Percepción de inseguridad | B9: % se siente inseguro: Mercados y ferias | C9: PSC_5 | D9: Excluye "No aplica" | E9: 0.46575904 | F9: 0.44456456 | G9: 0.77353392 | H9: 0.7259253 | I9: =(F9-E9)*100 -> -2.1194476 | J9: =(H9-G9)*100 -> -4.7608621 | K9: =I9-J9 -> 2.6414146 | L9: 6.8179953 | M9: =K9-1.96*L9 -> -10.721856 | N9: =K9+1.96*L9 -> 16.004685 | O9: =2*(1-NORMSDIST(ABS(K9/L9))) -> 0.69844673 | P9: =IF(O9<0.01,"**",IF(O9<0.05,"*","")) | Q9: 156 | R9: 242
A10: A. Percepción de inseguridad | B10: % se siente inseguro: Cajeros en vía pública | C10: PSC_6 | D10: Excluye "No aplica" | E10: 0.62243791 | F10: 0.53838015 | G10: 0.79654187 | H10: 0.79250878 | I10: =(F10-E10)*100 -> -8.4057761 | J10: =(H10-G10)*100 -> -0.40330941 | K10: =I10-J10 -> -8.0024667 | L10: 7.4724541 | M10: =K10-1.96*L10 -> -22.648477 | N10: =K10+1.96*L10 -> 6.6435434 | O10: =2*(1-NORMSDIST(ABS(K10/L10))) -> 0.28420142 | P10: =IF(O10<0.01,"**",IF(O10<0.05,"*","")) | Q10: 115 | R10: 212
A11: A. Percepción de inseguridad | B11: % se siente inseguro: Espacios públicos de la ciudad | C11: PSC_7 | D11: Excluye "No aplica" | E11: 0.49973041 | F11: 0.46792297 | G11: 0.80154935 | H11: 0.78443083 | I11: =(F11-E11)*100 -> -3.1807436 | J11: =(H11-G11)*100 -> -1.7118526 | K11: =I11-J11 -> -1.468891 | L11: 6.1764856 | M11: =K11-1.96*L11 -> -13.574803 | N11: =K11+1.96*L11 -> 10.637021 | O11: =2*(1-NORMSDIST(ABS(K11/L11))) -> 0.81202081 | P11: =IF(O11<0.01,"**",IF(O11<0.05,"*","")) | Q11: 192 | R11: 265
A12: A. Percepción de inseguridad | B12: % se siente inseguro: Metro de Quito | C12: PSC_8 | D12: Excluye "No aplica" | E12: 0.49225083 | F12: 0.23442775 | G12: 0.29424782 | H12: 0.15382302 | I12: =(F12-E12)*100 -> -25.782308 | J12: =(H12-G12)*100 -> -14.04248 | K12: =I12-J12 -> -11.739828 | L12: 8.1387601 | M12: =K12-1.96*L12 -> -27.691798 | N12: =K12+1.96*L12 -> 4.2121421 | O12: =2*(1-NORMSDIST(ABS(K12/L12))) -> 0.14917293 | P12: =IF(O12<0.01,"**",IF(O12<0.05,"*","")) | Q12: 89 | R12: 156
A13: A. Percepción de inseguridad | B13: % se siente inseguro: Trole, Ecovía, corredores | C13: PSC_9 | D13: Excluye "No aplica" | E13: 0.64610933 | F13: 0.79242717 | G13: 0.85602689 | H13: 0.79133824 | I13: =(F13-E13)*100 -> 14.631784 | J13: =(H13-G13)*100 -> -6.4688655 | K13: =I13-J13 -> 21.100649 | L13: 6.0063265 | M13: =K13-1.96*L13 -> 9.3282493 | N13: =K13+1.96*L13 -> 32.873049 | O13: =2*(1-NORMSDIST(ABS(K13/L13))) -> 0.00044295971 | P13: =IF(O13<0.01,"**",IF(O13<0.05,"*","")) -> ** | Q13: 173 | R13: 218
A14: A. Percepción de inseguridad | B14: % se siente inseguro: Taxis amarillos | C14: PSC_11 | D14: Excluye "No aplica" | E14: 0.63101165 | F14: 0.46185655 | G14: 0.68958466 | H14: 0.51870356 | I14: =(F14-E14)*100 -> -16.91551 | J14: =(H14-G14)*100 -> -17.088111 | K14: =I14-J14 -> 0.17260022 | L14: 6.8970638 | M14: =K14-1.96*L14 -> -13.345645 | N14: =K14+1.96*L14 -> 13.690845 | O14: =2*(1-NORMSDIST(ABS(K14/L14))) -> 0.98003488 | P14: =IF(O14<0.01,"**",IF(O14<0.05,"*","")) | Q14: 136 | R14: 237
A15: A. Percepción de inseguridad | B15: % se siente inseguro: Transporte por aplicaciones | C15: PSC_12 | D15: Excluye "No aplica" | E15: 0.70891493 | F15: 0.39075998 | G15: 0.59055214 | H15: 0.38116255 | I15: =(F15-E15)*100 -> -31.815495 | J15: =(H15-G15)*100 -> -20.938958 | K15: =I15-J15 -> -10.876536 | L15: 7.8783758 | M15: =K15-1.96*L15 -> -26.318153 | N15: =K15+1.96*L15 -> 4.56508 | O15: =2*(1-NORMSDIST(ABS(K15/L15))) -> 0.16741562 | P15: =IF(O15<0.01,"**",IF(O15<0.05,"*","")) | Q15: 84 | R15: 165
A16: A. Percepción de inseguridad | B16: % se siente inseguro: Espectáculos públicos | C16: PSC_13 | D16: Excluye "No aplica" | E16: 0.48491457 | F16: 0.53274647 | G16: 0.69957537 | H16: 0.65413261 | I16: =(F16-E16)*100 -> 4.7831901 | J16: =(H16-G16)*100 -> -4.544276 | K16: =I16-J16 -> 9.3274662 | L16: 7.3806941 | M16: =K16-1.96*L16 -> -5.1386942 | N16: =K16+1.96*L16 -> 23.793627 | O16: =2*(1-NORMSDIST(ABS(K16/L16))) -> 0.20631422 | P16: =IF(O16<0.01,"**",IF(O16<0.05,"*","")) | Q16: 131 | R16: 207
A17: A. Percepción de inseguridad | B17: % se siente inseguro: Caminando solo/a en el barrio de día | C17: PSC_14 | D17: Excluye "No aplica" | E17: 0.16624535 | F17: 0.094144481 | G17: 0.50362535 | H17: 0.42225935 | I17: =(F17-E17)*100 -> -7.2100871 | J17: =(H17-G17)*100 -> -8.1366004 | K17: =I17-J17 -> 0.92651335 | L17: 4.2960367 | M17: =K17-1.96*L17 -> -7.4937185 | N17: =K17+1.96*L17 -> 9.3467452 | O17: =2*(1-NORMSDIST(ABS(K17/L17))) -> 0.82924732 | P17: =IF(O17<0.01,"**",IF(O17<0.05,"*","")) | Q17: 214 | R17: 269
A18: A. Percepción de inseguridad | B18: % se siente inseguro: Caminando solo/a en el barrio de noche | C18: PSC_15 | D18: Excluye "No aplica" | E18: 0.42567672 | F18: 0.41401404 | G18: 0.84085947 | H18: 0.87223644 | I18: =(F18-E18)*100 -> -1.1662683 | J18: =(H18-G18)*100 -> 3.1376974 | K18: =I18-J18 -> -4.3039657 | L18: 6.1068679 | M18: =K18-1.96*L18 -> -16.273427 | N18: =K18+1.96*L18 -> 7.6654953 | O18: =2*(1-NORMSDIST(ABS(K18/L18))) -> 0.48095048 | P18: =IF(O18<0.01,"**",IF(O18<0.05,"*","")) | Q18: 205 | R18: 258
A19: B. Evolución percibida de la delincuencia
A20: B. Evolución percibida de la delincuencia | B20: % cree que la delincuencia aumentó en su barrio | C20: PSC_16 | D20: Excluye "No aplica" | E20: 0.24693942 | F20: 0.28244131 | G20: 0.58440327 | H20: 0.5147293 | I20: =(F20-E20)*100 -> 3.5501889 | J20: =(H20-G20)*100 -> -6.967397 | K20: =I20-J20 -> 10.517586 | L20: 5.6919793 | M20: =K20-1.96*L20 -> -0.63869355 | N20: =K20+1.96*L20 -> 21.673865 | O20: =2*(1-NORMSDIST(ABS(K20/L20))) -> 0.06463264 | P20: =IF(O20<0.01,"**",IF(O20<0.05,"*","")) | Q20: 201 | R20: 244
A21: B. Evolución percibida de la delincuencia | B21: % cree que la delincuencia aumentó en Quito | C21: PSC_17 | D21: Excluye "No aplica" | E21: 0.94466385 | F21: 0.93770166 | G21: 0.90749647 | H21: 0.87629309 | I21: =(F21-E21)*100 -> -0.69621929 | J21: =(H21-G21)*100 -> -3.1203378 | K21: =I21-J21 -> 2.4241185 | L21: 2.7583283 | M21: =K21-1.96*L21 -> -2.982205 | N21: =K21+1.96*L21 -> 7.830442 | O21: =2*(1-NORMSDIST(ABS(K21/L21))) -> 0.37949014 | P21: =IF(O21<0.01,"**",IF(O21<0.05,"*","")) | Q21: 205 | R21: 257
A22: B. Evolución percibida de la delincuencia | B22: % cree que la delincuencia aumentó en el país | C22: PSC_18 | D22: Excluye "No aplica" | E22: 0.9766962 | F22: 0.92882461 | G22: 0.95117173 | H22: 0.91406464 | I22: =(F22-E22)*100 -> -4.7871593 | J22: =(H22-G22)*100 -> -3.7107085 | K22: =I22-J22 -> -1.0764508 | L22: 2.2680139 | M22: =K22-1.96*L22 -> -5.5217581 | N22: =K22+1.96*L22 -> 3.3688565 | O22: =2*(1-NORMSDIST(ABS(K22/L22))) -> 0.63505596 | P22: =IF(O22<0.01,"**",IF(O22<0.05,"*","")) | Q22: 211 | R22: 266
A23: C. Problemas percibidos en el barrio
A24: C. Problemas percibidos en el barrio | B24: % reporta: Peleas o riñas | C24: CC_1 | D24: Excluye Ns/Nc | E24: 0.39954695 | F24: 0.45652459 | G24: 0.50818686 | H24: 0.53661356 | I24: =(F24-E24)*100 -> 5.6977641 | J24: =(H24-G24)*100 -> 2.8426703 | K24: =I24-J24 -> 2.8550937 | L24: 5.9807663 | M24: =K24-1.96*L24 -> -8.8672083 | N24: =K24+1.96*L24 -> 14.577396 | O24: =2*(1-NORMSDIST(ABS(K24/L24))) -> 0.63309209 | P24: =IF(O24<0.01,"**",IF(O24<0.05,"*","")) | Q24: 212 | R24: 267
A25: C. Problemas percibidos en el barrio | B25: % reporta: Pandillas o grupos delictivos | C25: CC_2 | D25: Excluye Ns/Nc | E25: 0.13058363 | F25: 0.2808289 | G25: 0.41714941 | H25: 0.46212377 | I25: =(F25-E25)*100 -> 15.024527 | J25: =(H25-G25)*100 -> 4.4974363 | K25: =I25-J25 -> 10.527091 | L25: 4.8776804 | M25: =K25-1.96*L25 -> 0.96683745 | N25: =K25+1.96*L25 -> 20.087345 | O25: =2*(1-NORMSDIST(ABS(K25/L25))) -> 0.030910992 | P25: =IF(O25<0.01,"**",IF(O25<0.05,"*","")) -> * | Q25: 211 | R25: 266
A26: C. Problemas percibidos en el barrio | B26: % reporta: Consumo de alcohol en espacio público | C26: CC_3 | D26: Excluye Ns/Nc | E26: 0.71120439 | F26: 0.77733492 | G26: 0.72093198 | H26: 0.75888962 | I26: =(F26-E26)*100 -> 6.6130525 | J26: =(H26-G26)*100 -> 3.7957637 | K26: =I26-J26 -> 2.8172889 | L26: 5.3556316 | M26: =K26-1.96*L26 -> -7.6797491 | N26: =K26+1.96*L26 -> 13.314327 | O26: =2*(1-NORMSDIST(ABS(K26/L26))) -> 0.5988588 | P26: =IF(O26<0.01,"**",IF(O26<0.05,"*","")) | Q26: 212 | R26: 269
A27: C. Problemas percibidos en el barrio | B27: % reporta: Venta clandestina de alcohol | C27: CC_4 | D27: Excluye Ns/Nc | E27: 0.46030178 | F27: 0.48259806 | G27: 0.43475092 | H27: 0.42308835 | I27: =(F27-E27)*100 -> 2.2296284 | J27: =(H27-G27)*100 -> -1.166257 | K27: =I27-J27 -> 3.3958854 | L27: 6.2209179 | M27: =K27-1.96*L27 -> -8.7971137 | N27: =K27+1.96*L27 -> 15.588885 | O27: =2*(1-NORMSDIST(ABS(K27/L27))) -> 0.58514724 | P27: =IF(O27<0.01,"**",IF(O27<0.05,"*","")) | Q27: 204 | R27: 255
A28: C. Problemas percibidos en el barrio | B28: % reporta: Consumo de drogas en espacio público | C28: CC_5 | D28: Excluye Ns/Nc | E28: 0.21835896 | F28: 0.40596107 | G28: 0.46706959 | H28: 0.54592696 | I28: =(F28-E28)*100 -> 18.760211 | J28: =(H28-G28)*100 -> 7.8857373 | K28: =I28-J28 -> 10.874473 | L28: 5.7492141 | M28: =K28-1.96*L28 -> -0.39398617 | N28: =K28+1.96*L28 -> 22.142933 | O28: =2*(1-NORMSDIST(ABS(K28/L28))) -> 0.058561459 | P28: =IF(O28<0.01,"**",IF(O28<0.05,"*","")) | Q28: 198 | R28: 250
A29: C. Problemas percibidos en el barrio | B29: % reporta: Venta de drogas en espacio público | C29: CC_6 | D29: Excluye Ns/Nc | E29: 0.15351821 | F29: 0.24982671 | G29: 0.33627804 | H29: 0.3774361 | I29: =(F29-E29)*100 -> 9.6308506 | J29: =(H29-G29)*100 -> 4.1158061 | K29: =I29-J29 -> 5.5150445 | L29: 5.0878533 | M29: =K29-1.96*L29 -> -4.457148 | N29: =K29+1.96*L29 -> 15.487237 | O29: =2*(1-NORMSDIST(ABS(K29/L29))) -> 0.27838123 | P29: =IF(O29<0.01,"**",IF(O29<0.05,"*","")) | Q29: 196 | R29: 236
A30: C. Problemas percibidos en el barrio | B30: % reporta: Calles sin iluminación | C30: CC_7 | D30: Excluye Ns/Nc | E30: 0.5569455 | F30: 0.46226488 | G30: 0.38503062 | H30: 0.3566615 | I30: =(F30-E30)*100 -> -9.4680618 | J30: =(H30-G30)*100 -> -2.8369123 | K30: =I30-J30 -> -6.6311495 | L30: 5.972033 | M30: =K30-1.96*L30 -> -18.336334 | N30: =K30+1.96*L30 -> 5.0740353 | O30: =2*(1-NORMSDIST(ABS(K30/L30))) -> 0.26684084 | P30: =IF(O30<0.01,"**",IF(O30<0.05,"*","")) | Q30: 213 | R30: 269
A31: C. Problemas percibidos en el barrio | B31: % reporta: Apropiación de viviendas por grupos delictivos | C31: CC_8 | D31: Excluye Ns/Nc | E31: 0.020761955 | F31: 0.090432694 | G31: 0.078660736 | H31: 0.10613888 | I31: =(F31-E31)*100 -> 6.967074 | J31: =(H31-G31)*100 -> 2.7478144 | K31: =I31-J31 -> 4.2192596 | L31: 2.9379603 | M31: =K31-1.96*L31 -> -1.5391427 | N31: =K31+1.96*L31 -> 9.9776619 | O31: =2*(1-NORMSDIST(ABS(K31/L31))) -> 0.15096859 | P31: =IF(O31<0.01,"**",IF(O31<0.05,"*","")) | Q31: 204 | R31: 266
A32: C. Problemas percibidos en el barrio | B32: % reporta: Reclutamiento de NNA | C32: CC_9 | D32: Excluye Ns/Nc | E32: 0.0071304607 | F32: 0.04674865 | G32: 0.078619654 | H32: 0.06668962 | I32: =(F32-E32)*100 -> 3.9618189 | J32: =(H32-G32)*100 -> -1.1930034 | K32: =I32-J32 -> 5.1548223 | L32: 1.7644968 | M32: =K32-1.96*L32 -> 1.6964086 | N32: =K32+1.96*L32 -> 8.6132361 | O32: =2*(1-NORMSDIST(ABS(K32/L32))) -> 0.0034844858 | P32: =IF(O32<0.01,"**",IF(O32<0.05,"*","")) -> ** | Q32: 205 | R32: 264
A33: C. Problemas percibidos en el barrio | B33: % vio civiles armados en su barrio | C33: TA_3 | D33: Excluye Ns/Nc | E33: 0.12279732 | F33: 0.066886922 | G33: 0.12615422 | H33: 0.094278415 | I33: =(F33-E33)*100 -> -5.5910394 | J33: =(H33-G33)*100 -> -3.1875805 | K33: =I33-J33 -> -2.4034589 | L33: 3.7483134 | M33: =K33-1.96*L33 -> -9.7501531 | N33: =K33+1.96*L33 -> 4.9432353 | O33: =2*(1-NORMSDIST(ABS(K33/L33))) -> 0.52138576 | P33: =IF(O33<0.01,"**",IF(O33<0.05,"*","")) | Q33: 211 | R33: 269
A34: D. Victimización (12 meses)
A35: D. Victimización (12 meses) | B35: % víctima de al menos un delito personal (robo, hurto, estafa, fraude, agresión, amenaza, extorsión) | C35: VI_PERS | D35: Todos los encuestados | E35: 0.11832911 | F35: 0.22290986 | G35: 0.24225139 | H35: 0.2917457 | I35: =(F35-E35)*100 -> 10.458074 | J35: =(H35-G35)*100 -> 4.9494313 | K35: =I35-J35 -> 5.5086431 | L35: 4.4257726 | M35: =K35-1.96*L35 -> -3.1658713 | N35: =K35+1.96*L35 -> 14.183157 | O35: =2*(1-NORMSDIST(ABS(K35/L35))) -> 0.21325169 | P35: =IF(O35<0.01,"**",IF(O35<0.05,"*","")) | Q35: 215 | R35: 270
A36: D. Victimización (12 meses) | B36: % hogares con al menos un delito contra el hogar (vivienda, vehículo, moto, autopartes, negocio, secuestro) | C36: VI_HOG | D36: Todos los hogares; ítems filtrados = 0 si no aplica | E36: 0.11495632 | F36: 0.12231612 | G36: 0.14404617 | H36: 0.17280433 | I36: =(F36-E36)*100 -> 0.73597957 | J36: =(H36-G36)*100 -> 2.8758156 | K36: =I36-J36 -> -2.1398361 | L36: 3.9967631 | M36: =K36-1.96*L36 -> -9.9734917 | N36: =K36+1.96*L36 -> 5.6938196 | O36: =2*(1-NORMSDIST(ABS(K36/L36))) -> 0.59237863 | P36: =IF(O36<0.01,"**",IF(O36<0.05,"*","")) | Q36: 215 | R36: 270
A37: D. Victimización (12 meses) | B37: % víctima: Robo con violencia o amenaza | C37: VI_6 | D37: Todos los encuestados | E37: 0.026349288 | F37: 0.063086372 | G37: 0.094901871 | H37: 0.12950137 | I37: =(F37-E37)*100 -> 3.6737084 | J37: =(H37-G37)*100 -> 3.4599502 | K37: =I37-J37 -> 0.21375822 | L37: 2.2237373 | M37: =K37-1.96*L37 -> -4.1447668 | N37: =K37+1.96*L37 -> 4.5722833 | O37: =2*(1-NORMSDIST(ABS(K37/L37))) -> 0.92342077 | P37: =IF(O37<0.01,"**",IF(O37<0.05,"*","")) | Q37: 215 | R37: 270
A38: D. Victimización (12 meses) | B38: % víctima: Hurto (sin violencia) | C38: VI_7 | D38: Todos los encuestados | E38: 0.05054634 | F38: 0.10401979 | G38: 0.085754035 | H38: 0.11908857 | I38: =(F38-E38)*100 -> 5.3473455 | J38: =(H38-G38)*100 -> 3.333453 | K38: =I38-J38 -> 2.0138925 | L38: 3.2315882 | M38: =K38-1.96*L38 -> -4.3200205 | N38: =K38+1.96*L38 -> 8.3478054 | O38: =2*(1-NORMSDIST(ABS(K38/L38))) -> 0.53315988 | P38: =IF(O38<0.01,"**",IF(O38<0.05,"*","")) | Q38: 215 | R38: 270
A39: D. Victimización (12 meses) | B39: % víctima: Estafa | C39: VI_8 | D39: Todos los encuestados | E39: 0.0097328346 | F39: 0.056844074 | G39: 0.053962712 | H39: 0.064816628 | I39: =(F39-E39)*100 -> 4.7111239 | J39: =(H39-G39)*100 -> 1.0853916 | K39: =I39-J39 -> 3.6257323 | L39: 1.8361999 | M39: =K39-1.96*L39 -> 0.026780446 | N39: =K39+1.96*L39 -> 7.2246842 | O39: =2*(1-NORMSDIST(ABS(K39/L39))) -> 0.048315295 | P39: =IF(O39<0.01,"**",IF(O39<0.05,"*","")) -> * | Q39: 215 | R39: 270
A40: D. Victimización (12 meses) | B40: % víctima: Fraude bancario | C40: VI_9 | D40: Todos los encuestados | E40: 0.030233048 | F40: 0.044790048 | G40: 0.031422888 | H40: 0.046144088 | I40: =(F40-E40)*100 -> 1.4557 | J40: =(H40-G40)*100 -> 1.47212 | K40: =I40-J40 -> -0.016419985 | L40: 2.2113287 | M40: =K40-1.96*L40 -> -4.3506242 | N40: =K40+1.96*L40 -> 4.3177842 | O40: =2*(1-NORMSDIST(ABS(K40/L40))) -> 0.99407545 | P40: =IF(O40<0.01,"**",IF(O40<0.05,"*","")) | Q40: 215 | R40: 270
A41: D. Victimización (12 meses) | B41: % víctima: Agresión física por desconocido | C41: VI_11 | D41: Todos los encuestados | E41: 0.01148079 | F41: 0.014134792 | G41: 0.030854332 | H41: 0.038894866 | I41: =(F41-E41)*100 -> 0.26540018 | J41: =(H41-G41)*100 -> 0.80405347 | K41: =I41-J41 -> -0.53865329 | L41: 1.1495041 | M41: =K41-1.96*L41 -> -2.7916813 | N41: =K41+1.96*L41 -> 1.7143747 | O41: =2*(1-NORMSDIST(ABS(K41/L41))) -> 0.63935827 | P41: =IF(O41<0.01,"**",IF(O41<0.05,"*","")) | Q41: 215 | R41: 270
A42: D. Victimización (12 meses) | B42: % víctima: Amenaza creíble | C42: VI_12 | D42: Todos los encuestados | E42: 0.053630378 | F42: 0.047175721 | G42: 0.040191824 | H42: 0.052851894 | I42: =(F42-E42)*100 -> -0.64546575 | J42: =(H42-G42)*100 -> 1.2660071 | K42: =I42-J42 -> -1.9114728 | L42: 2.9012944 | M42: =K42-1.96*L42 -> -7.5980099 | N42: =K42+1.96*L42 -> 3.7750643 | O42: =2*(1-NORMSDIST(ABS(K42/L42))) -> 0.51000206 | P42: =IF(O42<0.01,"**",IF(O42<0.05,"*","")) | Q42: 215 | R42: 270
A43: D. Victimización (12 meses) | B43: % víctima: Extorsión | C43: VI_13 | D43: Todos los encuestados | E43: 0 | F43: 0.012054026 | G43: 0.0095916986 | H43: 0.013278766 | I43: =(F43-E43)*100 -> 1.2054026 | J43: =(H43-G43)*100 -> 0.36870672 | K43: =I43-J43 -> 0.83669587 | L43: 0.83201629 | M43: =K43-1.96*L43 -> -0.79405605 | N43: =K43+1.96*L43 -> 2.4674478 | O43: =2*(1-NORMSDIST(ABS(K43/L43))) -> 0.31459629 | P43: =IF(O43<0.01,"**",IF(O43<0.05,"*","")) | Q43: 215 | R43: 270
A44: D. Victimización (12 meses) | B44: % víctima: Pago de soborno a funcionario | C44: VI_10 | D44: Todos los encuestados | E44: 0.018075998 | F44: 0.023067669 | G44: 0.014653986 | H44: 0.019657209 | I44: =(F44-E44)*100 -> 0.49916707 | J44: =(H44-G44)*100 -> 0.50032222 | K44: =I44-J44 -> -0.0011551583 | L44: 1.8130742 | M44: =K44-1.96*L44 -> -3.5547805 | N44: =K44+1.96*L44 -> 3.5524702 | O44: =2*(1-NORMSDIST(ABS(K44/L44))) -> 0.99949165 | P44: =IF(O44<0.01,"**",IF(O44<0.05,"*","")) | Q44: 215 | R44: 270
A45: D. Victimización (12 meses) | B45: % víctima: Robo a la vivienda | C45: VI_4 | D45: Todos los hogares | E45: 0.022235779 | F45: 0.051390719 | G45: 0.069499963 | H45: 0.059969648 | I45: =(F45-E45)*100 -> 2.915494 | J45: =(H45-G45)*100 -> -0.95303154 | K45: =I45-J45 -> 3.8685255 | L45: 2.0069268 | M45: =K45-1.96*L45 -> -0.065051014 | N45: =K45+1.96*L45 -> 7.802102 | O45: =2*(1-NORMSDIST(ABS(K45/L45))) -> 0.053906548 | P45: =IF(O45<0.01,"**",IF(O45<0.05,"*","")) | Q45: 214 | R45: 269
A46: D. Victimización (12 meses) | B46: % víctima: Secuestro (algún miembro del hogar) | C46: VI_14 | D46: Todos los hogares | E46: 0 | F46: 0.0055068214 | G46: 0.0084065933 | H46: 0.0048196356 | I46: =(F46-E46)*100 -> 0.55068214 | J46: =(H46-G46)*100 -> -0.35869577 | K46: =I46-J46 -> 0.90937792 | L46: 0.60314644 | M46: =K46-1.96*L46 -> -0.27278911 | N46: =K46+1.96*L46 -> 2.0915449 | O46: =2*(1-NORMSDIST(ABS(K46/L46))) -> 0.13162537 | P46: =IF(O46<0.01,"**",IF(O46<0.05,"*","")) | Q46: 215 | R46: 270
... A50: D. Victimización (12 meses) | B50: % víctima: Robo a negocio en la vivienda (hogares con negocio) | C50: VI_5_1 | D50: Solo hogares a los que aplica el filtro | E50: 0.19490632 | F50: 0.1036834 | G50: 0.20257056 | H50: 0.22246565 | I50: =(F50-E50)*100 -> -9.1222915 | J50: =(H50-G50)*100 -> 1.989509 | K50: =I50-J50 -> -11.1118 | L50: 11.930842 | M50: =K50-1.96*L50 -> -34.496251 | N50: =K50+1.96*L50 -> 12.272651 | O50: =2*(1-NORMSDIST(ABS(K50/L50))) -> 0.35167209 | P50: =IF(O50<0.01,"**",IF(O50<0.05,"*","")) | Q50: 34 | R50: 49
A51: E. Confianza institucional
A52: E. Confianza institucional | B52: % confía en: Policía Nacional | C52: CIE_4_1 | D52: Solo quienes dicen conocer sus funciones | E52: 0.63097866 | F52: 0.71504835 | G52: 0.46212479 | H52: 0.48318649 | I52: =(F52-E52)*100 -> 8.4069691 | J52: =(H52-G52)*100 -> 2.1061697 | K52: =I52-J52 -> 6.3007994 | L52: 6.3737656 | M52: =K52-1.96*L52 -> -6.1917813 | N52: =K52+1.96*L52 -> 18.79338 | O52: =2*(1-NORMSDIST(ABS(K52/L52))) -> 0.32288233 | P52: =IF(O52<0.01,"**",IF(O52<0.05,"*","")) | Q52: 155 | R52: 218 | S52: La proporción que conoce la institución cambió mucho entre olas: base no comparable
A53: E. Confianza institucional | B53: % confía en: Fuerzas Armadas | C53: CIE_5_1 | D53: Solo quienes dicen conocer sus funciones | E53: 0.7915802 | F53: 0.86893349 | G53: 0.75139688 | H53: 0.70793697 | I53: =(F53-E53)*100 -> 7.7353283 | J53: =(H53-G53)*100 -> -4.3459904 | K53: =I53-J53 -> 12.081319 | L53: 5.9386028 | M53: =K53-1.96*L53 -> 0.44165717 | N53: =K53+1.96*L53 -> 23.72098 | O53: =2*(1-NORMSDIST(ABS(K53/L53))) -> 0.041914249 | P53: =IF(O53<0.01,"**",IF(O53<0.05,"*","")) -> * | Q53: 137 | R53: 182 | S53: La proporción que conoce la institución cambió mucho entre olas: base no comparable
A54: E. Confianza institucional | B54: % confía en: Fiscalía | C54: CIE_3_1 | D54: Solo quienes dicen conocer sus funciones | E54: 0.56432585 | F54: 0.47565211 | G54: 0.44784408 | H54: 0.29562432 | I54: =(F54-E54)*100 -> -8.8673745 | J54: =(H54-G54)*100 -> -15.221977 | K54: =I54-J54 -> 6.3546021 | L54: 11.120358 | M54: =K54-1.96*L54 -> -15.441299 | N54: =K54+1.96*L54 -> 28.150504 | O54: =2*(1-NORMSDIST(ABS(K54/L54))) -> 0.56770235 | P54: =IF(O54<0.01,"**",IF(O54<0.05,"*","")) | Q54: 42 | R54: 146 | S54: La proporción que conoce la institución cambió mucho entre olas: base no comparable
A55: E. Confianza institucional | B55: % confía en: Juzgados y cortes | C55: CIE_1_1 | D55: Solo quienes dicen conocer sus funciones | E55: 0.41270683 | F55: 0.45228696 | G55: 0.4143083 | H55: 0.24189313 | I55: =(F55-E55)*100 -> 3.9580131 | J55: =(H55-G55)*100 -> -17.241517 | K55: =I55-J55 -> 21.19953 | L55: 14.905646 | M55: =K55-1.96*L55 -> -8.0155365 | N55: =K55+1.96*L55 -> 50.414596 | O55: =2*(1-NORMSDIST(ABS(K55/L55))) -> 0.15495418 | P55: =IF(O55<0.01,"**",IF(O55<0.05,"*","")) | Q55: 19 | R55: 73 | S55: La proporción que conoce la institución cambió mucho entre olas: base no comparable
A56: E. Confianza institucional | B56: % confía en: ECU 911 | C56: CIE_2_1 | D56: Solo quienes dicen conocer sus funciones | E56: 0.63455701 | F56: 0.71562806 | G56: 0.59093272 | H56: 0.53632376 | I56: =(F56-E56)*100 -> 8.1071048 | J56: =(H56-G56)*100 -> -5.4608953 | K56: =I56-J56 -> 13.568 | L56: 6.8451594 | M56: =K56-1.96*L56 -> 0.15148762 | N56: =K56+1.96*L56 -> 26.984513 | O56: =2*(1-NORMSDIST(ABS(K56/L56))) -> 0.047464623 | P56: =IF(O56<0.01,"**",IF(O56<0.05,"*","")) -> * | Q56: 134 | R56: 215 | S56: La proporción que conoce la institución cambió mucho entre olas: base no comparable
A57: E. Confianza institucional | B57: % confía en: Agentes de Control Metropolitano (CACMQ) | C57: CIM_4_1 | D57: Solo quienes dicen conocer sus funciones | E57: 0.490951 | F57: 0.60180053 | G57: 0.4701219 | H57: 0.42878165 | I57: =(F57-E57)*100 -> 11.084953 | J57: =(H57-G57)*100 -> -4.1340248 | K57: =I57-J57 -> 15.218978 | L57: 9.9075525 | M57: =K57-1.96*L57 -> -4.1998247 | N57: =K57+1.96*L57 -> 34.637781 | O57: =2*(1-NORMSDIST(ABS(K57/L57))) -> 0.12451418 | P57: =IF(O57<0.01,"**",IF(O57<0.05,"*","")) | Q57: 62 | R57: 115 | S57: La proporción que conoce la institución cambió mucho entre olas: base no comparable
A58: E. Confianza institucional | B58: % confía en: Secretaría de Seguridad (municipal) | C58: CIM_5_1 | D58: Solo quienes dicen conocer sus funciones | E58: 0.59140717 | F58: 0.78328806 | G58: 0.70026605 | H58: 0.62206234 | I58: =(F58-E58)*100 -> 19.188089 | J58: =(H58-G58)*100 -> -7.820371 | K58: =I58-J58 -> 27.00846 | L58: 13.469507 | M58: =K58-1.96*L58 -> 0.6082259 | N58: =K58+1.96*L58 -> 53.408695 | O58: =2*(1-NORMSDIST(ABS(K58/L58))) -> 0.044946397 | P58: =IF(O58<0.01,"**",IF(O58<0.05,"*","")) -> * | Q58: 28 | R58: 84 | S58: La proporción que conoce la institución cambió mucho entre olas: base no comparable
A59: F. Cambios de hábitos por inseguridad
A60: F. Cambios de hábitos por inseguridad | B60: % redujo la frecuencia de: Salir de noche | C60: CH_1 | D60: Excluye Ns/Nc y No aplica | E60: 0.49156617 | F60: 0.33121211 | G60: 0.68522421 | H60: 0.63201371 | I60: =(F60-E60)*100 -> -16.035406 | J60: =(H60-G60)*100 -> -5.3210498 | K60: =I60-J60 -> -10.714356 | L60: 6.654277 | M60: =K60-1.96*L60 -> -23.756739 | N60: =K60+1.96*L60 -> 2.3280269 | O60: =2*(1-NORMSDIST(ABS(K60/L60))) -> 0.10736604 | P60: =IF(O60<0.01,"**",IF(O60<0.05,"*","")) | Q60: 175 | R60: 206
A61: F. Cambios de hábitos por inseguridad | B61: % redujo la frecuencia de: Visitar espacios recreativos públicos | C61: CH_2 | D61: Excluye Ns/Nc y No aplica | E61: 0.25420494 | F61: 0.32748753 | G61: 0.58142403 | H61: 0.49518102 | I61: =(F61-E61)*100 -> 7.3282593 | J61: =(H61-G61)*100 -> -8.6243011 | K61: =I61-J61 -> 15.95256 | L61: 6.0121457 | M61: =K61-1.96*L61 -> 4.1687548 | N61: =K61+1.96*L61 -> 27.736366 | O61: =2*(1-NORMSDIST(ABS(K61/L61))) -> 0.0079688011 | P61: =IF(O61<0.01,"**",IF(O61<0.05,"*","")) -> ** | Q61: 148 | R61: 244
A62: F. Cambios de hábitos por inseguridad | B62: % redujo la frecuencia de: Dejar salir solos a hijos menores | C62: CH_3 | D62: Excluye Ns/Nc y No aplica | E62: 0.36562861 | F62: 0.5038038 | G62: 0.79307489 | H62: 0.71909 | I62: =(F62-E62)*100 -> 13.817518 | J62: =(H62-G62)*100 -> -7.3984888 | K62: =I62-J62 -> 21.216007 | L62: 9.3883297 | M62: =K62-1.96*L62 -> 2.814881 | N62: =K62+1.96*L62 -> 39.617133 | O62: =2*(1-NORMSDIST(ABS(K62/L62))) -> 0.023831948 | P62: =IF(O62<0.01,"**",IF(O62<0.05,"*","")) -> * | Q62: 75 | R62: 111
A63: F. Cambios de hábitos por inseguridad | B63: % redujo la frecuencia de: Visitar lugares turísticos | C63: CH_4 | D63: Excluye Ns/Nc y No aplica | E63: 0.48416868 | F63: 0.39355308 | G63: 0.58172136 | H63: 0.53882106 | I63: =(F63-E63)*100 -> -9.0615599 | J63: =(H63-G63)*100 -> -4.2900299 | K63: =I63-J63 -> -4.77153 | L63: 7.1387148 | M63: =K63-1.96*L63 -> -18.763411 | N63: =K63+1.96*L63 -> 9.2203511 | O63: =2*(1-NORMSDIST(ABS(K63/L63))) -> 0.50387713 | P63: =IF(O63<0.01,"**",IF(O63<0.05,"*","")) | Q63: 140 | R63: 209
A64: F. Cambios de hábitos por inseguridad | B64: % redujo la frecuencia de: Asistir a eventos culturales/deportivos | C64: CH_5 | D64: Excluye Ns/Nc y No aplica | E64: 0.41114079 | F64: 0.43356564 | G64: 0.64771736 | H64: 0.59092807 | I64: =(F64-E64)*100 -> 2.2424856 | J64: =(H64-G64)*100 -> -5.6789286 | K64: =I64-J64 -> 7.9214142 | L64: 8.1687471 | M64: =K64-1.96*L64 -> -8.0893302 | N64: =K64+1.96*L64 -> 23.932158 | O64: =2*(1-NORMSDIST(ABS(K64/L64))) -> 0.33218506 | P64: =IF(O64<0.01,"**",IF(O64<0.05,"*","")) | Q64: 79 | R64: 180
A65: F. Cambios de hábitos por inseguridad | B65: % redujo la frecuencia de: Caminar por el barrio | C65: CH_6 | D65: Excluye Ns/Nc y No aplica | E65: 0.31600511 | F65: 0.12701079 | G65: 0.55871541 | H65: 0.38277253 | I65: =(F65-E65)*100 -> -18.899432 | J65: =(H65-G65)*100 -> -17.594288 | K65: =I65-J65 -> -1.3051441 | L65: 5.6184782 | M65: =K65-1.96*L65 -> -12.317361 | N65: =K65+1.96*L65 -> 9.7070731 | O65: =2*(1-NORMSDIST(ABS(K65/L65))) -> 0.81630893 | P65: =IF(O65<0.01,"**",IF(O65<0.05,"*","")) | Q65: 169 | R65: 267 | S65: "No aplica" cae de 17% a 2% entre olas: base no comparable
A66: F. Cambios de hábitos por inseguridad | B66: % participa en iniciativas barriales de seguridad | C66: SP_5 | D66: Todos los encuestados | E66: 0.27762654 | F66: 0.25074887 | G66: 0.37763099 | H66: 0.29903483 | I66: =(F66-E66)*100 -> -2.6877664 | J66: =(H66-G66)*100 -> -7.8596165 | K66: =I66-J66 -> 5.1718501 | L66: 5.2394566 | M66: =K66-1.96*L66 -> -5.0974848 | N66: =K66+1.96*L66 -> 15.441185 | O66: =2*(1-NORMSDIST(ABS(K66/L66))) -> 0.32359525 | P66: =IF(O66<0.01,"**",IF(O66<0.05,"*","")) | Q66: 215 | R66: 270
A68: Azul: insumos calculados en Python (medias ponderadas y EE de la regresión). Negro: fórmulas.

Sheet Eloy Alfaro
A1: Eloy Alfaro vs. resto del DMQ: cambio 2023-2024 → 2025-2026
A2: Proporciones ponderadas (peso_az_estrato). DiD = cambio AZ − cambio resto. EE robusto HC1. El signo describe la dirección del indicador, sin valoración.
A4: Bloque | B4: Indicador | C4: Código | D4: Base | E4: AZ 2023 | F4: AZ 2025 | G4: Resto 2023 | H4: Resto 2025 | I4: Cambio AZ (pp) | J4: Cambio resto (pp) | K4: DiD (pp) | L4: EE (pp) | M4: IC95 inf (pp) | N4: IC95 sup (pp) | O4: Valor p | P4: Sig. | Q4: n AZ 2023 | R4: n AZ 2025 | S4: Advertencia
A5: A. Percepción de inseguridad
A6: A. Percepción de inseguridad | B6: % se siente inseguro: Alrededor de su casa | C6: PSC_1 | D6: Excluye "No aplica" | E6: 0.63379073 | F6: 0.62822728 | G6: 0.5524896 | H6: 0.53965764 | I6: =(F6-E6)*100 -> -0.55634532 | J6: =(H6-G6)*100 -> -1.2831965 | K6: =I6-J6 -> 0.72685117 | L6: 3.9048406 | M6: =K6-1.96*L6 -> -6.9266365 | N6: =K6+1.96*L6 -> 8.3803388 | O6: =2*(1-NORMSDIST(ABS(K6/L6))) -> 0.85233414 | P6: =IF(O6<0.01,"**",IF(O6<0.05,"*","")) | Q6: 433 | R6: 570
A7: A. Percepción de inseguridad | B7: % se siente inseguro: En su barrio | C7: PSC_2 | D7: Excluye "No aplica" | E7: 0.7259224 | F7: 0.75805038 | G7: 0.62806498 | H7: 0.66521963 | I7: =(F7-E7)*100 -> 3.2127978 | J7: =(H7-G7)*100 -> 3.7154654 | K7: =I7-J7 -> -0.50266756 | L7: 3.6656002 | M7: =K7-1.96*L7 -> -7.687244 | N7: =K7+1.96*L7 -> 6.6819089 | O7: =2*(1-NORMSDIST(ABS(K7/L7))) -> 0.89092722 | P7: =IF(O7<0.01,"**",IF(O7<0.05,"*","")) | Q7: 433 | R7: 570
A8: A. Percepción de inseguridad | B8: % se siente inseguro: Cerca de centros educativos | C8: PSC_4 | D8: Excluye "No aplica" | E8: 0.6791988 | F8: 0.63351541 | G8: 0.59595023 | H8: 0.54882151 | I8: =(F8-E8)*100 -> -4.5683394 | J8: =(H8-G8)*100 -> -4.7128715 | K8: =I8-J8 -> 0.14453204 | L8: 4.1160451 | M8: =K8-1.96*L8 -> -7.9229163 | N8: =K8+1.96*L8 -> 8.2119804 | O8: =2*(1-NORMSDIST(ABS(K8/L8))) -> 0.9719886 | P8: =IF(O8<0.01,"**",IF(O8<0.05,"*","")) | Q8: 406 | R8: 467
A9: A. Percepción de inseguridad | B9: % se siente inseguro: Mercados y ferias | C9: PSC_5 | D9: Excluye "No aplica" | E9: 0.80933983 | F9: 0.74710187 | G9: 0.76461393 | H9: 0.71948108 | I9: =(F9-E9)*100 -> -6.2237958 | J9: =(H9-G9)*100 -> -4.5132858 | K9: =I9-J9 -> -1.71051 | L9: 3.4685159 | M9: =K9-1.96*L9 -> -8.5088012 | N9: =K9+1.96*L9 -> 5.0877811 | O9: =2*(1-NORMSDIST(ABS(K9/L9))) -> 0.62190428 | P9: =IF(O9<0.01,"**",IF(O9<0.05,"*","")) | Q9: 414 | R9: 538
A10: A. Percepción de inseguridad | B10: % se siente inseguro: Cajeros en vía pública | C10: PSC_6 | D10: Excluye "No aplica" | E10: 0.8221934 | F10: 0.80298084 | G10: 0.79089234 | H10: 0.78892188 | I10: =(F10-E10)*100 -> -1.9212556 | J10: =(H10-G10)*100 -> -0.19704557 | K10: =I10-J10 -> -1.72421 | L10: 3.6461704 | M10: =K10-1.96*L10 -> -8.870704 | N10: =K10+1.96*L10 -> 5.4222839 | O10: =2*(1-NORMSDIST(ABS(K10/L10))) -> 0.63629703 | P10: =IF(O10<0.01,"**",IF(O10<0.05,"*","")) | Q10: 387 | R10: 467
A11: A. Percepción de inseguridad | B11: % se siente inseguro: Espacios públicos de la ciudad | C11: PSC_7 | D11: Excluye "No aplica" | E11: 0.85019431 | F11: 0.82646312 | G11: 0.79041721 | H11: 0.77308841 | I11: =(F11-E11)*100 -> -2.3731192 | J11: =(H11-G11)*100 -> -1.7328792 | K11: =I11-J11 -> -0.64024005 | L11: 3.0159025 | M11: =K11-1.96*L11 -> -6.5514089 | N11: =K11+1.96*L11 -> 5.2709288 | O11: =2*(1-NORMSDIST(ABS(K11/L11))) -> 0.83188232 | P11: =IF(O11<0.01,"**",IF(O11<0.05,"*","")) | Q11: 425 | R11: 547
A12: A. Percepción de inseguridad | B12: % se siente inseguro: Metro de Quito | C12: PSC_8 | D12: Excluye "No aplica" | E12: 0.2205808 | F12: 0.11706848 | G12: 0.30936663 | H12: 0.1639987 | I12: =(F12-E12)*100 -> -10.351233 | J12: =(H12-G12)*100 -> -14.536793 | K12: =I12-J12 -> 4.1855606 | L12: 3.247957 | M12: =K12-1.96*L12 -> -2.1804352 | N12: =K12+1.96*L12 -> 10.551556 | O12: =2*(1-NORMSDIST(ABS(K12/L12))) -> 0.19751115 | P12: =IF(O12<0.01,"**",IF(O12<0.05,"*","")) | Q12: 379 | R12: 480
A13: A. Percepción de inseguridad | B13: % se siente inseguro: Trole, Ecovía, corredores | C13: PSC_9 | D13: Excluye "No aplica" | E13: 0.88345739 | F13: 0.71095894 | G13: 0.84910275 | H13: 0.81144664 | I13: =(F13-E13)*100 -> -17.249845 | J13: =(H13-G13)*100 -> -3.7656107 | K13: =I13-J13 -> -13.484234 | L13: 3.1368208 | M13: =K13-1.96*L13 -> -19.632403 | N13: =K13+1.96*L13 -> -7.3360654 | O13: =2*(1-NORMSDIST(ABS(K13/L13))) -> 1.7180714e-05 | P13: =IF(O13<0.01,"**",IF(O13<0.05,"*","")) -> ** | Q13: 418 | R13: 536
A14: A. Percepción de inseguridad | B14: % se siente inseguro: Taxis amarillos | C14: PSC_11 | D14: Excluye "No aplica" | E14: 0.7699779 | F14: 0.54734642 | G14: 0.67582213 | H14: 0.51157178 | I14: =(F14-E14)*100 -> -22.263147 | J14: =(H14-G14)*100 -> -16.425034 | K14: =I14-J14 -> -5.838113 | L14: 3.8575973 | M14: =K14-1.96*L14 -> -13.399004 | N14: =K14+1.96*L14 -> 1.7227777 | O14: =2*(1-NORMSDIST(ABS(K14/L14))) -> 0.13017642 | P14: =IF(O14<0.01,"**",IF(O14<0.05,"*","")) | Q14: 399 | R14: 504
A15: A. Percepción de inseguridad | B15: % se siente inseguro: Transporte por aplicaciones | C15: PSC_12 | D15: Excluye "No aplica" | E15: 0.61592311 | F15: 0.3623205 | G15: 0.58730809 | H15: 0.38583714 | I15: =(F15-E15)*100 -> -25.360261 | J15: =(H15-G15)*100 -> -20.147095 | K15: =I15-J15 -> -5.2131664 | L15: 4.3559909 | M15: =K15-1.96*L15 -> -13.750909 | N15: =K15+1.96*L15 -> 3.3245758 | O15: =2*(1-NORMSDIST(ABS(K15/L15))) -> 0.23139199 | P15: =IF(O15<0.01,"**",IF(O15<0.05,"*","")) | Q15: 362 | R15: 464
A16: A. Percepción de inseguridad | B16: % se siente inseguro: Espectáculos públicos | C16: PSC_13 | D16: Excluye "No aplica" | E16: 0.74397192 | F16: 0.68935092 | G16: 0.68997046 | H16: 0.64605518 | I16: =(F16-E16)*100 -> -5.4621002 | J16: =(H16-G16)*100 -> -4.3915279 | K16: =I16-J16 -> -1.0705723 | L16: 4.1092266 | M16: =K16-1.96*L16 -> -9.1246565 | N16: =K16+1.96*L16 -> 6.9835118 | O16: =2*(1-NORMSDIST(ABS(K16/L16))) -> 0.79445582 | P16: =IF(O16<0.01,"**",IF(O16<0.05,"*","")) | Q16: 364 | R16: 373
A17: A. Percepción de inseguridad | B17: % se siente inseguro: Caminando solo/a en el barrio de día | C17: PSC_14 | D17: Excluye "No aplica" | E17: 0.56244974 | F17: 0.44551179 | G17: 0.49016632 | H17: 0.41511792 | I17: =(F17-E17)*100 -> -11.693796 | J17: =(H17-G17)*100 -> -7.5048404 | K17: =I17-J17 -> -4.1889551 | L17: 4.0115539 | M17: =K17-1.96*L17 -> -12.051601 | N17: =K17+1.96*L17 -> 3.6736905 | O17: =2*(1-NORMSDIST(ABS(K17/L17))) -> 0.29638242 | P17: =IF(O17<0.01,"**",IF(O17<0.05,"*","")) | Q17: 421 | R17: 566
A18: A. Percepción de inseguridad | B18: % se siente inseguro: Caminando solo/a en el barrio de noche | C18: PSC_15 | D18: Excluye "No aplica" | E18: 0.88601303 | F18: 0.89363523 | G18: 0.82818367 | H18: 0.86498049 | I18: =(F18-E18)*100 -> 0.76222029 | J18: =(H18-G18)*100 -> 3.6796818 | K18: =I18-J18 -> -2.9174615 | L18: 2.979623 | M18: =K18-1.96*L18 -> -8.7575225 | N18: =K18+1.96*L18 -> 2.9225995 | O18: =2*(1-NORMSDIST(ABS(K18/L18))) -> 0.32751189 | P18: =IF(O18<0.01,"**",IF(O18<0.05,"*","")) | Q18: 407 | R18: 527
A19: B. Evolución percibida de la delincuencia
A20: B. Evolución percibida de la delincuencia | B20: % cree que la delincuencia aumentó en su barrio | C20: PSC_16 | D20: Excluye "No aplica" | E20: 0.65160126 | F20: 0.50890204 | G20: 0.56982113 | H20: 0.51511716 | I20: =(F20-E20)*100 -> -14.269922 | J20: =(H20-G20)*100 -> -5.4703969 | K20: =I20-J20 -> -8.7995251 | L20: 3.8995645 | M20: =K20-1.96*L20 -> -16.442672 | N20: =K20+1.96*L20 -> -1.1563786 | O20: =2*(1-NORMSDIST(ABS(K20/L20))) -> 0.024036806 | P20: =IF(O20<0.01,"**",IF(O20<0.05,"*","")) -> * | Q20: 434 | R20: 562
A21: B. Evolución percibida de la delincuencia | B21: % cree que la delincuencia aumentó en Quito | C21: PSC_17 | D21: Excluye "No aplica" | E21: 0.9186976 | F21: 0.84615095 | G21: 0.90626451 | H21: 0.88380514 | I21: =(F21-E21)*100 -> -7.2546659 | J21: =(H21-G21)*100 -> -2.2459374 | K21: =I21-J21 -> -5.0087285 | L21: 2.4673057 | M21: =K21-1.96*L21 -> -9.8446477 | N21: =K21+1.96*L21 -> -0.17280929 | O21: =2*(1-NORMSDIST(ABS(K21/L21))) -> 0.042352507 | P21: =IF(O21<0.01,"**",IF(O21<0.05,"*","")) -> * | Q21: 431 | R21: 565
A22: B. Evolución percibida de la delincuencia | B22: % cree que la delincuencia aumentó en el país | C22: PSC_18 | D22: Excluye "No aplica" | E22: 0.97063068 | F22: 0.88131164 | G22: 0.94855737 | H22: 0.92192202 | I22: =(F22-E22)*100 -> -8.931903 | J22: =(H22-G22)*100 -> -2.6635348 | K22: =I22-J22 -> -6.2683682 | L22: 1.7577771 | M22: =K22-1.96*L22 -> -9.7136113 | N22: =K22+1.96*L22 -> -2.8231252 | O22: =2*(1-NORMSDIST(ABS(K22/L22))) -> 0.00036236509 | P22: =IF(O22<0.01,"**",IF(O22<0.05,"*","")) -> ** | Q22: 434 | R22: 564
A23: C. Problemas percibidos en el barrio
A24: C. Problemas percibidos en el barrio | B24: % reporta: Peleas o riñas | C24: CC_1 | D24: Excluye Ns/Nc | E24: 0.61537799 | F24: 0.62060728 | G24: 0.49051583 | H24: 0.51613406 | I24: =(F24-E24)*100 -> 0.52292893 | J24: =(H24-G24)*100 -> 2.5618234 | K24: =I24-J24 -> -2.0388945 | L24: 3.8588325 | M24: =K24-1.96*L24 -> -9.6022061 | N24: =K24+1.96*L24 -> 5.5244171 | O24: =2*(1-NORMSDIST(ABS(K24/L24))) -> 0.59724199 | P24: =IF(O24<0.01,"**",IF(O24<0.05,"*","")) | Q24: 430 | R24: 564
A25: C. Problemas percibidos en el barrio | B25: % reporta: Pandillas o grupos delictivos | C25: CC_2 | D25: Excluye Ns/Nc | E25: 0.47989953 | F25: 0.53801935 | G25: 0.40379124 | H25: 0.44275838 | I25: =(F25-E25)*100 -> 5.8119821 | J25: =(H25-G25)*100 -> 3.896714 | K25: =I25-J25 -> 1.9152681 | L25: 4.0304091 | M25: =K25-1.96*L25 -> -5.9843338 | N25: =K25+1.96*L25 -> 9.8148699 | O25: =2*(1-NORMSDIST(ABS(K25/L25))) -> 0.63464131 | P25: =IF(O25<0.01,"**",IF(O25<0.05,"*","")) | Q25: 424 | R25: 550
A26: C. Problemas percibidos en el barrio | B26: % reporta: Consumo de alcohol en espacio público | C26: CC_3 | D26: Excluye Ns/Nc | E26: 0.78555159 | F26: 0.79269525 | G26: 0.71109998 | H26: 0.75092187 | I26: =(F26-E26)*100 -> 0.71436523 | J26: =(H26-G26)*100 -> 3.9821884 | K26: =I26-J26 -> -3.2678232 | L26: 3.3745277 | M26: =K26-1.96*L26 -> -9.8818976 | N26: =K26+1.96*L26 -> 3.3462512 | O26: =2*(1-NORMSDIST(ABS(K26/L26))) -> 0.33285491 | P26: =IF(O26<0.01,"**",IF(O26<0.05,"*","")) | Q26: 429 | R26: 564
A27: C. Problemas percibidos en el barrio | B27: % reporta: Venta clandestina de alcohol | C27: CC_4 | D27: Excluye Ns/Nc | E27: 0.51470903 | F27: 0.47069552 | G27: 0.42293584 | H27: 0.41180295 | I27: =(F27-E27)*100 -> -4.4013511 | J27: =(H27-G27)*100 -> -1.1132894 | K27: =I27-J27 -> -3.2880617 | L27: 4.1288447 | M27: =K27-1.96*L27 -> -11.380597 | N27: =K27+1.96*L27 -> 4.8044739 | O27: =2*(1-NORMSDIST(ABS(K27/L27))) -> 0.42582071 | P27: =IF(O27<0.01,"**",IF(O27<0.05,"*","")) | Q27: 406 | R27: 521
A28: C. Problemas percibidos en el barrio | B28: % reporta: Consumo de drogas en espacio público | C28: CC_5 | D28: Excluye Ns/Nc | E28: 0.54560804 | F28: 0.60591158 | G28: 0.45160156 | H28: 0.53051626 | I28: =(F28-E28)*100 -> 6.0303539 | J28: =(H28-G28)*100 -> 7.8914704 | K28: =I28-J28 -> -1.8611165 | L28: 4.0845465 | M28: =K28-1.96*L28 -> -9.8668277 | N28: =K28+1.96*L28 -> 6.1445947 | O28: =2*(1-NORMSDIST(ABS(K28/L28))) -> 0.64864293 | P28: =IF(O28<0.01,"**",IF(O28<0.05,"*","")) | Q28: 414 | R28: 538
A29: C. Problemas percibidos en el barrio | B29: % reporta: Venta de drogas en espacio público | C29: CC_6 | D29: Excluye Ns/Nc | E29: 0.43545438 | F29: 0.476744 | G29: 0.31837787 | H29: 0.35218866 | I29: =(F29-E29)*100 -> 4.1289621 | J29: =(H29-G29)*100 -> 3.3810792 | K29: =I29-J29 -> 0.74788285 | L29: 4.1672272 | M29: =K29-1.96*L29 -> -7.4198825 | N29: =K29+1.96*L29 -> 8.9156482 | O29: =2*(1-NORMSDIST(ABS(K29/L29))) -> 0.85757044 | P29: =IF(O29<0.01,"**",IF(O29<0.05,"*","")) | Q29: 399 | R29: 495
A30: C. Problemas percibidos en el barrio | B30: % reporta: Calles sin iluminación | C30: CC_7 | D30: Excluye Ns/Nc | E30: 0.38085628 | F30: 0.32639067 | G30: 0.38797158 | H30: 0.36436052 | I30: =(F30-E30)*100 -> -5.4465618 | J30: =(H30-G30)*100 -> -2.3611064 | K30: =I30-J30 -> -3.0854553 | L30: 3.8289044 | M30: =K30-1.96*L30 -> -10.590108 | N30: =K30+1.96*L30 -> 4.4191973 | O30: =2*(1-NORMSDIST(ABS(K30/L30))) -> 0.42033948 | P30: =IF(O30<0.01,"**",IF(O30<0.05,"*","")) | Q30: 427 | R30: 564
A31: C. Problemas percibidos en el barrio | B31: % reporta: Apropiación de viviendas por grupos delictivos | C31: CC_8 | D31: Excluye Ns/Nc | E31: 0.086095565 | F31: 0.11659098 | G31: 0.076780663 | H31: 0.10358186 | I31: =(F31-E31)*100 -> 3.0495416 | J31: =(H31-G31)*100 -> 2.68012 | K31: =I31-J31 -> 0.36942167 | L31: 2.3074028 | M31: =K31-1.96*L31 -> -4.1530877 | N31: =K31+1.96*L31 -> 4.8919311 | O31: =2*(1-NORMSDIST(ABS(K31/L31))) -> 0.87280009 | P31: =IF(O31<0.01,"**",IF(O31<0.05,"*","")) | Q31: 417 | R31: 523
A32: C. Problemas percibidos en el barrio | B32: % reporta: Reclutamiento de NNA | C32: CC_9 | D32: Excluye Ns/Nc | E32: 0.099094327 | F32: 0.076851442 | G32: 0.074506867 | H32: 0.064164916 | I32: =(F32-E32)*100 -> -2.2242886 | J32: =(H32-G32)*100 -> -1.0341951 | K32: =I32-J32 -> -1.1900935 | L32: 2.1953699 | M32: =K32-1.96*L32 -> -5.4930185 | N32: =K32+1.96*L32 -> 3.1128316 | O32: =2*(1-NORMSDIST(ABS(K32/L32))) -> 0.58775481 | P32: =IF(O32<0.01,"**",IF(O32<0.05,"*","")) | Q32: 421 | R32: 509
A33: C. Problemas percibidos en el barrio | B33: % vio civiles armados en su barrio | C33: TA_3 | D33: Excluye Ns/Nc | E33: 0.12605406 | F33: 0.099614208 | G33: 0.12612371 | H33: 0.092871235 | I33: =(F33-E33)*100 -> -2.6439851 | J33: =(H33-G33)*100 -> -3.3252472 | K33: =I33-J33 -> 0.68126213 | L33: 2.8470544 | M33: =K33-1.96*L33 -> -4.8989646 | N33: =K33+1.96*L33 -> 6.2614888 | O33: =2*(1-NORMSDIST(ABS(K33/L33))) -> 0.81088331 | P33: =IF(O33<0.01,"**",IF(O33<0.05,"*","")) | Q33: 416 | R33: 564
A34: D. Victimización (12 meses)
A35: D. Victimización (12 meses) | B35: % víctima de al menos un delito personal (robo, hurto, estafa, fraude, agresión, amenaza, extorsión) | C35: VI_PERS | D35: Todos los encuestados | E35: 0.23852645 | F35: 0.26716659 | G35: 0.24115535 | H35: 0.29727733 | I35: =(F35-E35)*100 -> 2.8640141 | J35: =(H35-G35)*100 -> 5.6121986 | K35: =I35-J35 -> -2.7481845 | L35: 3.5556783 | M35: =K35-1.96*L35 -> -9.717314 | N35: =K35+1.96*L35 -> 4.220945 | O35: =2*(1-NORMSDIST(ABS(K35/L35))) -> 0.43958145 | P35: =IF(O35<0.01,"**",IF(O35<0.05,"*","")) | Q35: 434 | R35: 570
A36: D. Victimización (12 meses) | B36: % hogares con al menos un delito contra el hogar (vivienda, vehículo, moto, autopartes, negocio, secuestro) | C36: VI_HOG | D36: Todos los hogares; ítems filtrados = 0 si no aplica | E36: 0.11536629 | F36: 0.17563831 | G36: 0.14797607 | H36: 0.17188727 | I36: =(F36-E36)*100 -> 6.0272025 | J36: =(H36-G36)*100 -> 2.3911199 | K36: =I36-J36 -> 3.6360826 | L36: 2.8062596 | M36: =K36-1.96*L36 -> -1.8641863 | N36: =K36+1.96*L36 -> 9.1363514 | O36: =2*(1-NORMSDIST(ABS(K36/L36))) -> 0.19507739 | P36: =IF(O36<0.01,"**",IF(O36<0.05,"*","")) | Q36: 434 | R36: 570
A37: D. Victimización (12 meses) | B37: % víctima: Robo con violencia o amenaza | C37: VI_6 | D37: Todos los encuestados | E37: 0.091882228 | F37: 0.13194451 | G37: 0.09443997 | H37: 0.12860138 | I37: =(F37-E37)*100 -> 4.0062286 | J37: =(H37-G37)*100 -> 3.4161415 | K37: =I37-J37 -> 0.5900871 | L37: 2.4632283 | M37: =K37-1.96*L37 -> -4.2378404 | N37: =K37+1.96*L37 -> 5.4180146 | O37: =2*(1-NORMSDIST(ABS(K37/L37))) -> 0.8106726 | P37: =IF(O37<0.01,"**",IF(O37<0.05,"*","")) | Q37: 434 | R37: 570
A38: D. Victimización (12 meses) | B38: % víctima: Hurto (sin violencia) | C38: VI_7 | D38: Todos los encuestados | E38: 0.086175558 | F38: 0.085883388 | G38: 0.085219792 | H38: 0.12693398 | I38: =(F38-E38)*100 -> -0.029216922 | J38: =(H38-G38)*100 -> 4.1714191 | K38: =I38-J38 -> -4.2006361 | L38: 2.4322928 | M38: =K38-1.96*L38 -> -8.96793 | N38: =K38+1.96*L38 -> 0.56665788 | O38: =2*(1-NORMSDIST(ABS(K38/L38))) -> 0.084162764 | P38: =IF(O38<0.01,"**",IF(O38<0.05,"*","")) | Q38: 434 | R38: 570
A39: D. Victimización (12 meses) | B39: % víctima: Estafa | C39: VI_8 | D39: Todos los encuestados | E39: 0.040029707 | F39: 0.058105773 | G39: 0.055469462 | H39: 0.066378658 | I39: =(F39-E39)*100 -> 1.8076066 | J39: =(H39-G39)*100 -> 1.0909196 | K39: =I39-J39 -> 0.71668692 | L39: 1.8345066 | M39: =K39-1.96*L39 -> -2.8789461 | N39: =K39+1.96*L39 -> 4.3123199 | O39: =2*(1-NORMSDIST(ABS(K39/L39))) -> 0.69604109 | P39: =IF(O39<0.01,"**",IF(O39<0.05,"*","")) | Q39: 434 | R39: 570
A40: D. Victimización (12 meses) | B40: % víctima: Fraude bancario | C40: VI_9 | D40: Todos los encuestados | E40: 0.02150737 | F40: 0.036862486 | G40: 0.032900144 | H40: 0.048350721 | I40: =(F40-E40)*100 -> 1.5355116 | J40: =(H40-G40)*100 -> 1.5450578 | K40: =I40-J40 -> -0.0095462084 | L40: 1.3588385 | M40: =K40-1.96*L40 -> -2.6728697 | N40: =K40+1.96*L40 -> 2.6537772 | O40: =2*(1-NORMSDIST(ABS(K40/L40))) -> 0.99439469 | P40: =IF(O40<0.01,"**",IF(O40<0.05,"*","")) | Q40: 434 | R40: 570
A41: D. Victimización (12 meses) | B41: % víctima: Agresión física por desconocido | C41: VI_11 | D41: Todos los encuestados | E41: 0.037256264 | F41: 0.050984504 | G41: 0.029631227 | H41: 0.035893867 | I41: =(F41-E41)*100 -> 1.372824 | J41: =(H41-G41)*100 -> 0.62626395 | K41: =I41-J41 -> 0.74656009 | L41: 1.6108634 | M41: =K41-1.96*L41 -> -2.4107322 | N41: =K41+1.96*L41 -> 3.9038524 | O41: =2*(1-NORMSDIST(ABS(K41/L41))) -> 0.64303943 | P41: =IF(O41<0.01,"**",IF(O41<0.05,"*","")) | Q41: 434 | R41: 570
A42: D. Victimización (12 meses) | B42: % víctima: Amenaza creíble | C42: VI_12 | D42: Todos los encuestados | E42: 0.02697805 | F42: 0.045641186 | G42: 0.042361357 | H42: 0.054544085 | I42: =(F42-E42)*100 -> 1.8663137 | J42: =(H42-G42)*100 -> 1.2182728 | K42: =I42-J42 -> 0.64804089 | L42: 1.4162793 | M42: =K42-1.96*L42 -> -2.1278666 | N42: =K42+1.96*L42 -> 3.4239484 | O42: =2*(1-NORMSDIST(ABS(K42/L42))) -> 0.64726446 | P42: =IF(O42<0.01,"**",IF(O42<0.05,"*","")) | Q42: 434 | R42: 570
A43: D. Victimización (12 meses) | B43: % víctima: Extorsión | C43: VI_13 | D43: Todos los encuestados | E43: 0.0052001825 | F43: 0.01403149 | G43: 0.010124759 | H43: 0.013093432 | I43: =(F43-E43)*100 -> 0.88313071 | J43: =(H43-G43)*100 -> 0.29686729 | K43: =I43-J43 -> 0.58626342 | L43: 0.69596175 | M43: =K43-1.96*L43 -> -0.77782161 | N43: =K43+1.96*L43 -> 1.9503485 | O43: =2*(1-NORMSDIST(ABS(K43/L43))) -> 0.39957596 | P43: =IF(O43<0.01,"**",IF(O43<0.05,"*","")) | Q43: 434 | R43: 570
A44: D. Victimización (12 meses) | B44: % víctima: Pago de soborno a funcionario | C44: VI_10 | D44: Todos los encuestados | E44: 0.0034711373 | F44: 0.02100197 | G44: 0.016383753 | H44: 0.019352865 | I44: =(F44-E44)*100 -> 1.7530833 | J44: =(H44-G44)*100 -> 0.29691117 | K44: =I44-J44 -> 1.4561721 | L44: 0.79778922 | M44: =K44-1.96*L44 -> -0.10749477 | N44: =K44+1.96*L44 -> 3.019839 | O44: =2*(1-NORMSDIST(ABS(K44/L44))) -> 0.067961926 | P44: =IF(O44<0.01,"**",IF(O44<0.05,"*","")) | Q44: 434 | R44: 570
A45: D. Victimización (12 meses) | B45: % víctima: Robo a la vivienda | C45: VI_4 | D45: Todos los hogares | E45: 0.054400158 | F45: 0.067333172 | G45: 0.07113305 | H45: 0.058181055 | I45: =(F45-E45)*100 -> 1.2933014 | J45: =(H45-G45)*100 -> -1.2951996 | K45: =I45-J45 -> 2.5885009 | L45: 1.9397765 | M45: =K45-1.96*L45 -> -1.213461 | N45: =K45+1.96*L45 -> 6.3904628 | O45: =2*(1-NORMSDIST(ABS(K45/L45))) -> 0.18206213 | P45: =IF(O45<0.01,"**",IF(O45<0.05,"*","")) | Q45: 430 | R45: 566
A46: D. Victimización (12 meses) | B46: % víctima: Secuestro (algún miembro del hogar) | C46: VI_14 | D46: Todos los hogares | E46: 0.012583658 | F46: 0 | G46: 0.0076651691 | H46: 0.0059721142 | I46: =(F46-E46)*100 -> -1.2583658 | J46: =(H46-G46)*100 -> -0.16930549 | K46: =I46-J46 -> -1.0890603 | L46: 1.1416803 | M46: =K46-1.96*L46 -> -3.3267537 | N46: =K46+1.96*L46 -> 1.148633 | O46: =2*(1-NORMSDIST(ABS(K46/L46))) -> 0.34012917 | P46: =IF(O46<0.01,"**",IF(O46<0.05,"*","")) | Q46: 434 | R46: 570
... A50: D. Victimización (12 meses) | B50: % víctima: Robo a negocio en la vivienda (hogares con negocio) | C50: VI_5_1 | D50: Solo hogares a los que aplica el filtro | E50: 0.15678714 | F50: 0.25180314 | G50: 0.20895452 | H50: 0.21349455 | I50: =(F50-E50)*100 -> 9.5015995 | J50: =(H50-G50)*100 -> 0.45400278 | K50: =I50-J50 -> 9.0475967 | L50: 7.56383 | M50: =K50-1.96*L50 -> -5.7775101 | N50: =K50+1.96*L50 -> 23.872703 | O50: =2*(1-NORMSDIST(ABS(K50/L50))) -> 0.23163176 | P50: =IF(O50<0.01,"**",IF(O50<0.05,"*","")) | Q50: 63 | R50: 115
A51: E. Confianza institucional
A52: E. Confianza institucional | B52: % confía en: Policía Nacional | C52: CIE_4_1 | D52: Solo quienes dicen conocer sus funciones | E52: 0.39287396 | F52: 0.45793644 | G52: 0.47451533 | H52: 0.48989181 | I52: =(F52-E52)*100 -> 6.5062478 | J52: =(H52-G52)*100 -> 1.5376476 | K52: =I52-J52 -> 4.9686002 | L52: 4.5940536 | M52: =K52-1.96*L52 -> -4.0357448 | N52: =K52+1.96*L52 -> 13.972945 | O52: =2*(1-NORMSDIST(ABS(K52/L52))) -> 0.27946206 | P52: =IF(O52<0.01,"**",IF(O52<0.05,"*","")) | Q52: 302 | R52: 463 | S52: La proporción que conoce la institución cambió mucho entre olas: base no comparable
A53: E. Confianza institucional | B53: % confía en: Fuerzas Armadas | C53: CIE_5_1 | D53: Solo quienes dicen conocer sus funciones | E53: 0.66683859 | F53: 0.69616963 | G53: 0.76408159 | H53: 0.71123902 | I53: =(F53-E53)*100 -> 2.9331039 | J53: =(H53-G53)*100 -> -5.2842567 | K53: =I53-J53 -> 8.2173606 | L53: 4.4192698 | M53: =K53-1.96*L53 -> -0.44440826 | N53: =K53+1.96*L53 -> 16.879129 | O53: =2*(1-NORMSDIST(ABS(K53/L53))) -> 0.062965004 | P53: =IF(O53<0.01,"**",IF(O53<0.05,"*","")) | Q53: 292 | R53: 438 | S53: La proporción que conoce la institución cambió mucho entre olas: base no comparable
A54: E. Confianza institucional | B54: % confía en: Fiscalía | C54: CIE_3_1 | D54: Solo quienes dicen conocer sus funciones | E54: 0.29350192 | F54: 0.26734591 | G54: 0.47706882 | H54: 0.30217411 | I54: =(F54-E54)*100 -> -2.6156004 | J54: =(H54-G54)*100 -> -17.489471 | K54: =I54-J54 -> 14.873871 | L54: 5.5916938 | M54: =K54-1.96*L54 -> 3.9141512 | N54: =K54+1.96*L54 -> 25.833591 | O54: =2*(1-NORMSDIST(ABS(K54/L54))) -> 0.0078142081 | P54: =IF(O54<0.01,"**",IF(O54<0.05,"*","")) -> ** | Q54: 177 | R54: 296 | S54: La proporción que conoce la institución cambió mucho entre olas: base no comparable
A55: E. Confianza institucional | B55: % confía en: Juzgados y cortes | C55: CIE_1_1 | D55: Solo quienes dicen conocer sus funciones | E55: 0.33525038 | F55: 0.2494785 | G55: 0.4269996 | H55: 0.24068968 | I55: =(F55-E55)*100 -> -8.5771877 | J55: =(H55-G55)*100 -> -18.630992 | K55: =I55-J55 -> 10.053804 | L55: 6.7797321 | M55: =K55-1.96*L55 -> -3.2344706 | N55: =K55+1.96*L55 -> 23.342079 | O55: =2*(1-NORMSDIST(ABS(K55/L55))) -> 0.13809551 | P55: =IF(O55<0.01,"**",IF(O55<0.05,"*","")) | Q55: 101 | R55: 253 | S55: La proporción que conoce la institución cambió mucho entre olas: base no comparable
A56: E. Confianza institucional | B56: % confía en: ECU 911 | C56: CIE_2_1 | D56: Solo quienes dicen conocer sus funciones | E56: 0.51772774 | F56: 0.53553366 | G56: 0.60256194 | H56: 0.53731497 | I56: =(F56-E56)*100 -> 1.7805924 | J56: =(H56-G56)*100 -> -6.5246968 | K56: =I56-J56 -> 8.3052891 | L56: 4.6796354 | M56: =K56-1.96*L56 -> -0.86679617 | N56: =K56+1.96*L56 -> 17.477374 | O56: =2*(1-NORMSDIST(ABS(K56/L56))) -> 0.075935424 | P56: =IF(O56<0.01,"**",IF(O56<0.05,"*","")) | Q56: 292 | R56: 437 | S56: La proporción que conoce la institución cambió mucho entre olas: base no comparable
A57: E. Confianza institucional | B57: % confía en: Agentes de Control Metropolitano (CACMQ) | C57: CIM_4_1 | D57: Solo quienes dicen conocer sus funciones | E57: 0.41752051 | F57: 0.45838517 | G57: 0.47818267 | H57: 0.42303499 | I57: =(F57-E57)*100 -> 4.0864656 | J57: =(H57-G57)*100 -> -5.5147677 | K57: =I57-J57 -> 9.6012332 | L57: 6.332011 | M57: =K57-1.96*L57 -> -2.8095084 | N57: =K57+1.96*L57 -> 22.011975 | O57: =2*(1-NORMSDIST(ABS(K57/L57))) -> 0.12944332 | P57: =IF(O57<0.01,"**",IF(O57<0.05,"*","")) | Q57: 153 | R57: 288 | S57: La proporción que conoce la institución cambió mucho entre olas: base no comparable
A58: E. Confianza institucional | B58: % confía en: Secretaría de Seguridad (municipal) | C58: CIM_5_1 | D58: Solo quienes dicen conocer sus funciones | E58: 0.64770102 | F58: 0.61538461 | G58: 0.70649159 | H58: 0.62413603 | I58: =(F58-E58)*100 -> -3.2316411 | J58: =(H58-G58)*100 -> -8.2355569 | K58: =I58-J58 -> 5.0039158 | L58: 7.7968322 | M58: =K58-1.96*L58 -> -10.277875 | N58: =K58+1.96*L58 -> 20.285707 | O58: =2*(1-NORMSDIST(ABS(K58/L58))) -> 0.52101064 | P58: =IF(O58<0.01,"**",IF(O58<0.05,"*","")) | Q58: 76 | R58: 184 | S58: La proporción que conoce la institución cambió mucho entre olas: base no comparable
A59: F. Cambios de hábitos por inseguridad
A60: F. Cambios de hábitos por inseguridad | B60: % redujo la frecuencia de: Salir de noche | C60: CH_1 | D60: Excluye Ns/Nc y No aplica | E60: 0.69801156 | F60: 0.66439441 | G60: 0.6806443 | H60: 0.6229628 | I60: =(F60-E60)*100 -> -3.3617158 | J60: =(H60-G60)*100 -> -5.7681501 | K60: =I60-J60 -> 2.4064343 | L60: 4.081362 | M60: =K60-1.96*L60 -> -5.5930352 | N60: =K60+1.96*L60 -> 10.405904 | O60: =2*(1-NORMSDIST(ABS(K60/L60))) -> 0.55544846 | P60: =IF(O60<0.01,"**",IF(O60<0.05,"*","")) | Q60: 365 | R60: 480
A61: F. Cambios de hábitos por inseguridad | B61: % redujo la frecuencia de: Visitar espacios recreativos públicos | C61: CH_2 | D61: Excluye Ns/Nc y No aplica | E61: 0.59581657 | F61: 0.49530524 | G61: 0.57557275 | H61: 0.49433841 | I61: =(F61-E61)*100 -> -10.051134 | J61: =(H61-G61)*100 -> -8.1234341 | K61: =I61-J61 -> -1.9276994 | L61: 4.2683325 | M61: =K61-1.96*L61 -> -10.293631 | N61: =K61+1.96*L61 -> 6.4382323 | O61: =2*(1-NORMSDIST(ABS(K61/L61))) -> 0.65153684 | P61: =IF(O61<0.01,"**",IF(O61<0.05,"*","")) | Q61: 367 | R61: 501
A62: F. Cambios de hábitos por inseguridad | B62: % redujo la frecuencia de: Dejar salir solos a hijos menores | C62: CH_3 | D62: Excluye Ns/Nc y No aplica | E62: 0.83386838 | F62: 0.69251352 | G62: 0.78145129 | H62: 0.72493627 | I62: =(F62-E62)*100 -> -14.135486 | J62: =(H62-G62)*100 -> -5.651502 | K62: =I62-J62 -> -8.4839836 | L62: 4.7278839 | M62: =K62-1.96*L62 -> -17.750636 | N62: =K62+1.96*L62 -> 0.78266881 | O62: =2*(1-NORMSDIST(ABS(K62/L62))) -> 0.072740281 | P62: =IF(O62<0.01,"**",IF(O62<0.05,"*","")) | Q62: 220 | R62: 293
A63: F. Cambios de hábitos por inseguridad | B63: % redujo la frecuencia de: Visitar lugares turísticos | C63: CH_4 | D63: Excluye Ns/Nc y No aplica | E63: 0.58256018 | F63: 0.56949874 | G63: 0.58056449 | H63: 0.53096141 | I63: =(F63-E63)*100 -> -1.3061433 | J63: =(H63-G63)*100 -> -4.960308 | K63: =I63-J63 -> 3.6541647 | L63: 4.3735921 | M63: =K63-1.96*L63 -> -4.9180758 | N63: =K63+1.96*L63 -> 12.226405 | O63: =2*(1-NORMSDIST(ABS(K63/L63))) -> 0.40343258 | P63: =IF(O63<0.01,"**",IF(O63<0.05,"*","")) | Q63: 359 | R63: 486
A64: F. Cambios de hábitos por inseguridad | B64: % redujo la frecuencia de: Asistir a eventos culturales/deportivos | C64: CH_5 | D64: Excluye Ns/Nc y No aplica | E64: 0.70341792 | F64: 0.58214054 | G64: 0.63717682 | H64: 0.59210011 | I64: =(F64-E64)*100 -> -12.127738 | J64: =(H64-G64)*100 -> -4.5076704 | K64: =I64-J64 -> -7.6200677 | L64: 4.379404 | M64: =K64-1.96*L64 -> -16.2037 | N64: =K64+1.96*L64 -> 0.96356426 | O64: =2*(1-NORMSDIST(ABS(K64/L64))) -> 0.081862842 | P64: =IF(O64<0.01,"**",IF(O64<0.05,"*","")) | Q64: 307 | R64: 376
A65: F. Cambios de hábitos por inseguridad | B65: % redujo la frecuencia de: Caminar por el barrio | C65: CH_6 | D65: Excluye Ns/Nc y No aplica | E65: 0.56776968 | F65: 0.39492526 | G65: 0.55412672 | H65: 0.37861118 | I65: =(F65-E65)*100 -> -17.284442 | J65: =(H65-G65)*100 -> -17.551554 | K65: =I65-J65 -> 0.26711233 | L65: 4.2004545 | M65: =K65-1.96*L65 -> -7.9657785 | N65: =K65+1.96*L65 -> 8.5000032 | O65: =2*(1-NORMSDIST(ABS(K65/L65))) -> 0.94929566 | P65: =IF(O65<0.01,"**",IF(O65<0.05,"*","")) | Q65: 374 | R65: 560 | S65: "No aplica" cae de 17% a 2% entre olas: base no comparable
A66: F. Cambios de hábitos por inseguridad | B66: % participa en iniciativas barriales de seguridad | C66: SP_5 | D66: Todos los encuestados | E66: 0.38671005 | F66: 0.27672096 | G66: 0.37492662 | H66: 0.30412455 | I66: =(F66-E66)*100 -> -10.998909 | J66: =(H66-G66)*100 -> -7.0802065 | K66: =I66-J66 -> -3.918702 | L66: 3.8060557 | M66: =K66-1.96*L66 -> -11.378571 | N66: =K66+1.96*L66 -> 3.5411671 | O66: =2*(1-NORMSDIST(ABS(K66/L66))) -> 0.30319941 | P66: =IF(O66<0.01,"**",IF(O66<0.05,"*","")) | Q66: 434 | R66: 570
A68: Azul: insumos calculados en Python (medias ponderadas y EE de la regresión). Negro: fórmulas.

Sheet Eugenio Espejo
A1: Eugenio Espejo vs. resto del DMQ: cambio 2023-2024 → 2025-2026
A2: Proporciones ponderadas (peso_az_estrato). DiD = cambio AZ − cambio resto. EE robusto HC1. El signo describe la dirección del indicador, sin valoración.
A4: Bloque | B4: Indicador | C4: Código | D4: Base | E4: AZ 2023 | F4: AZ 2025 | G4: Resto 2023 | H4: Resto 2025 | I4: Cambio AZ (pp) | J4: Cambio resto (pp) | K4: DiD (pp) | L4: EE (pp) | M4: IC95 inf (pp) | N4: IC95 sup (pp) | O4: Valor p | P4: Sig. | Q4: n AZ 2023 | R4: n AZ 2025 | S4: Advertencia
A5: A. Percepción de inseguridad
A6: A. Percepción de inseguridad | B6: % se siente inseguro: Alrededor de su casa | C6: PSC_1 | D6: Excluye "No aplica" | E6: 0.50791997 | F6: 0.44572223 | G6: 0.57203308 | H6: 0.57945681 | I6: =(F6-E6)*100 -> -6.2197735 | J6: =(H6-G6)*100 -> 0.74237337 | K6: =I6-J6 -> -6.9621469 | L6: 4.4849624 | M6: =K6-1.96*L6 -> -15.752673 | N6: =K6+1.96*L6 -> 1.8283794 | O6: =2*(1-NORMSDIST(ABS(K6/L6))) -> 0.120583 | P6: =IF(O6<0.01,"**",IF(O6<0.05,"*","")) | Q6: 551 | R6: 399
A7: A. Percepción de inseguridad | B7: % se siente inseguro: En su barrio | C7: PSC_2 | D7: Excluye "No aplica" | E7: 0.54147707 | F7: 0.56114829 | G7: 0.65669558 | H7: 0.70815292 | I7: =(F7-E7)*100 -> 1.9671222 | J7: =(H7-G7)*100 -> 5.1457343 | K7: =I7-J7 -> -3.1786121 | L7: 4.4595242 | M7: =K7-1.96*L7 -> -11.91928 | N7: =K7+1.96*L7 -> 5.5620553 | O7: =2*(1-NORMSDIST(ABS(K7/L7))) -> 0.4759885 | P7: =IF(O7<0.01,"**",IF(O7<0.05,"*","")) | Q7: 550 | R7: 399
A8: A. Percepción de inseguridad | B8: % se siente inseguro: Cerca de centros educativos | C8: PSC_4 | D8: Excluye "No aplica" | E8: 0.48079027 | F8: 0.40839353 | G8: 0.62693682 | H8: 0.59751302 | I8: =(F8-E8)*100 -> -7.2396741 | J8: =(H8-G8)*100 -> -2.9423794 | K8: =I8-J8 -> -4.2972947 | L8: 4.7695803 | M8: =K8-1.96*L8 -> -13.645672 | N8: =K8+1.96*L8 -> 5.0510827 | O8: =2*(1-NORMSDIST(ABS(K8/L8))) -> 0.36759915 | P8: =IF(O8<0.01,"**",IF(O8<0.05,"*","")) | Q8: 495 | R8: 338
A9: A. Percepción de inseguridad | B9: % se siente inseguro: Mercados y ferias | C9: PSC_5 | D9: Excluye "No aplica" | E9: 0.69371456 | F9: 0.59893207 | G9: 0.78222222 | H9: 0.75038401 | I9: =(F9-E9)*100 -> -9.4782483 | J9: =(H9-G9)*100 -> -3.1838213 | K9: =I9-J9 -> -6.2944271 | L9: 4.7471149 | M9: =K9-1.96*L9 -> -15.598772 | N9: =K9+1.96*L9 -> 3.0099182 | O9: =2*(1-NORMSDIST(ABS(K9/L9))) -> 0.18485696 | P9: =IF(O9<0.01,"**",IF(O9<0.05,"*","")) | Q9: 494 | R9: 369
A10: A. Percepción de inseguridad | B10: % se siente inseguro: Cajeros en vía pública | C10: PSC_6 | D10: Excluye "No aplica" | E10: 0.70530339 | F10: 0.73720067 | G10: 0.80986274 | H10: 0.80297678 | I10: =(F10-E10)*100 -> 3.1897283 | J10: =(H10-G10)*100 -> -0.68859583 | K10: =I10-J10 -> 3.8783241 | L10: 4.7248801 | M10: =K10-1.96*L10 -> -5.3824409 | N10: =K10+1.96*L10 -> 13.139089 | O10: =2*(1-NORMSDIST(ABS(K10/L10))) -> 0.41174302 | P10: =IF(O10<0.01,"**",IF(O10<0.05,"*","")) | Q10: 469 | R10: 338
A11: A. Percepción de inseguridad | B11: % se siente inseguro: Espacios públicos de la ciudad | C11: PSC_7 | D11: Excluye "No aplica" | E11: 0.70775726 | F11: 0.67917643 | G11: 0.81256339 | H11: 0.80495233 | I11: =(F11-E11)*100 -> -2.8580837 | J11: =(H11-G11)*100 -> -0.7611059 | K11: =I11-J11 -> -2.0969778 | L11: 4.173485 | M11: =K11-1.96*L11 -> -10.277008 | N11: =K11+1.96*L11 -> 6.0830528 | O11: =2*(1-NORMSDIST(ABS(K11/L11))) -> 0.61534929 | P11: =IF(O11<0.01,"**",IF(O11<0.05,"*","")) | Q11: 520 | R11: 396
A12: A. Percepción de inseguridad | B12: % se siente inseguro: Metro de Quito | C12: PSC_8 | D12: Excluye "No aplica" | E12: 0.27615477 | F12: 0.12503883 | G12: 0.29894638 | H12: 0.16056557 | I12: =(F12-E12)*100 -> -15.111594 | J12: =(H12-G12)*100 -> -13.838081 | K12: =I12-J12 -> -1.273513 | L12: 4.1444345 | M12: =K12-1.96*L12 -> -9.3966046 | N12: =K12+1.96*L12 -> 6.8495787 | O12: =2*(1-NORMSDIST(ABS(K12/L12))) -> 0.75862821 | P12: =IF(O12<0.01,"**",IF(O12<0.05,"*","")) | Q12: 414 | R12: 329
A13: A. Percepción de inseguridad | B13: % se siente inseguro: Trole, Ecovía, corredores | C13: PSC_9 | D13: Excluye "No aplica" | E13: 0.81710717 | F13: 0.7863011 | G13: 0.85982905 | H13: 0.79232339 | I13: =(F13-E13)*100 -> -3.0806076 | J13: =(H13-G13)*100 -> -6.7505664 | K13: =I13-J13 -> 3.6699587 | L13: 3.6071029 | M13: =K13-1.96*L13 -> -3.399963 | N13: =K13+1.96*L13 -> 10.73988 | O13: =2*(1-NORMSDIST(ABS(K13/L13))) -> 0.30895102 | P13: =IF(O13<0.01,"**",IF(O13<0.05,"*","")) | Q13: 502 | R13: 346
A14: A. Percepción de inseguridad | B14: % se siente inseguro: Taxis amarillos | C14: PSC_11 | D14: Excluye "No aplica" | E14: 0.65664802 | F14: 0.50086398 | G14: 0.6942564 | H14: 0.52206542 | I14: =(F14-E14)*100 -> -15.578404 | J14: =(H14-G14)*100 -> -17.219098 | K14: =I14-J14 -> 1.6406935 | L14: 4.5800674 | M14: =K14-1.96*L14 -> -7.3362386 | N14: =K14+1.96*L14 -> 10.617626 | O14: =2*(1-NORMSDIST(ABS(K14/L14))) -> 0.72017513 | P14: =IF(O14<0.01,"**",IF(O14<0.05,"*","")) | Q14: 477 | R14: 349
A15: A. Percepción de inseguridad | B15: % se siente inseguro: Transporte por aplicaciones | C15: PSC_12 | D15: Excluye "No aplica" | E15: 0.53483749 | F15: 0.36011206 | G15: 0.60050189 | H15: 0.38551583 | I15: =(F15-E15)*100 -> -17.472543 | J15: =(H15-G15)*100 -> -21.498605 | K15: =I15-J15 -> 4.0260622 | L15: 5.0291648 | M15: =K15-1.96*L15 -> -5.8311009 | N15: =K15+1.96*L15 -> 13.883225 | O15: =2*(1-NORMSDIST(ABS(K15/L15))) -> 0.42339632 | P15: =IF(O15<0.01,"**",IF(O15<0.05,"*","")) | Q15: 433 | R15: 317
A16: A. Percepción de inseguridad | B16: % se siente inseguro: Espectáculos públicos | C16: PSC_13 | D16: Excluye "No aplica" | E16: 0.66570399 | F16: 0.58684246 | G16: 0.70269209 | H16: 0.66942753 | I16: =(F16-E16)*100 -> -7.886153 | J16: =(H16-G16)*100 -> -3.3264563 | K16: =I16-J16 -> -4.5596966 | L16: 5.0490771 | M16: =K16-1.96*L16 -> -14.455888 | N16: =K16+1.96*L16 -> 5.3364945 | O16: =2*(1-NORMSDIST(ABS(K16/L16))) -> 0.36648595 | P16: =IF(O16<0.01,"**",IF(O16<0.05,"*","")) | Q16: 418 | R16: 322
A17: A. Percepción de inseguridad | B17: % se siente inseguro: Caminando solo/a en el barrio de día | C17: PSC_14 | D17: Excluye "No aplica" | E17: 0.45800752 | F17: 0.34392329 | G17: 0.50624126 | H17: 0.43674106 | I17: =(F17-E17)*100 -> -11.408423 | J17: =(H17-G17)*100 -> -6.9500204 | K17: =I17-J17 -> -4.4584027 | L17: 4.466252 | M17: =K17-1.96*L17 -> -13.212257 | N17: =K17+1.96*L17 -> 4.2954513 | O17: =2*(1-NORMSDIST(ABS(K17/L17))) -> 0.31816177 | P17: =IF(O17<0.01,"**",IF(O17<0.05,"*","")) | Q17: 535 | R17: 395
A18: A. Percepción de inseguridad | B18: % se siente inseguro: Caminando solo/a en el barrio de noche | C18: PSC_15 | D18: Excluye "No aplica" | E18: 0.78561218 | F18: 0.78430474 | G18: 0.843785 | H18: 0.88851677 | I18: =(F18-E18)*100 -> -0.13074425 | J18: =(H18-G18)*100 -> 4.4731761 | K18: =I18-J18 -> -4.6039204 | L18: 3.9279173 | M18: =K18-1.96*L18 -> -12.302638 | N18: =K18+1.96*L18 -> 3.0947976 | O18: =2*(1-NORMSDIST(ABS(K18/L18))) -> 0.24115605 | P18: =IF(O18<0.01,"**",IF(O18<0.05,"*","")) | Q18: 494 | R18: 381
A19: B. Evolución percibida de la delincuencia
A20: B. Evolución percibida de la delincuencia | B20: % cree que la delincuencia aumentó en su barrio | C20: PSC_16 | D20: Excluye "No aplica" | E20: 0.5151116 | F20: 0.47063356 | G20: 0.59112315 | H20: 0.52242276 | I20: =(F20-E20)*100 -> -4.4478043 | J20: =(H20-G20)*100 -> -6.8700387 | K20: =I20-J20 -> 2.4222344 | L20: 4.5426528 | M20: =K20-1.96*L20 -> -6.481365 | N20: =K20+1.96*L20 -> 11.325834 | O20: =2*(1-NORMSDIST(ABS(K20/L20))) -> 0.59388113 | P20: =IF(O20<0.01,"**",IF(O20<0.05,"*","")) | Q20: 540 | R20: 378
A21: B. Evolución percibida de la delincuencia | B21: % cree que la delincuencia aumentó en Quito | C21: PSC_17 | D21: Excluye "No aplica" | E21: 0.91166851 | F21: 0.87011486 | G21: 0.90729999 | H21: 0.87782224 | I21: =(F21-E21)*100 -> -4.1553647 | J21: =(H21-G21)*100 -> -2.9477747 | K21: =I21-J21 -> -1.20759 | L21: 3.0485198 | M21: =K21-1.96*L21 -> -7.1826888 | N21: =K21+1.96*L21 -> 4.7675089 | O21: =2*(1-NORMSDIST(ABS(K21/L21))) -> 0.69201401 | P21: =IF(O21<0.01,"**",IF(O21<0.05,"*","")) | Q21: 542 | R21: 391
A22: B. Evolución percibida de la delincuencia | B22: % cree que la delincuencia aumentó en el país | C22: PSC_18 | D22: Excluye "No aplica" | E22: 0.9540132 | F22: 0.91982567 | G22: 0.95104999 | H22: 0.91294562 | I22: =(F22-E22)*100 -> -3.4187532 | J22: =(H22-G22)*100 -> -3.8104372 | K22: =I22-J22 -> 0.39168396 | L22: 1.9097215 | M22: =K22-1.96*L22 -> -3.3513702 | N22: =K22+1.96*L22 -> 4.1347381 | O22: =2*(1-NORMSDIST(ABS(K22/L22))) -> 0.83749396 | P22: =IF(O22<0.01,"**",IF(O22<0.05,"*","")) | Q22: 547 | R22: 398
A23: C. Problemas percibidos en el barrio
A24: C. Problemas percibidos en el barrio | B24: % reporta: Peleas o riñas | C24: CC_1 | D24: Excluye Ns/Nc | E24: 0.39049138 | F24: 0.39718958 | G24: 0.5257502 | H24: 0.56480151 | I24: =(F24-E24)*100 -> 0.66982018 | J24: =(H24-G24)*100 -> 3.905131 | K24: =I24-J24 -> -3.2353109 | L24: 4.5074881 | M24: =K24-1.96*L24 -> -12.069987 | N24: =K24+1.96*L24 -> 5.5993657 | O24: =2*(1-NORMSDIST(ABS(K24/L24))) -> 0.47290306 | P24: =IF(O24<0.01,"**",IF(O24<0.05,"*","")) | Q24: 547 | R24: 394
A25: C. Problemas percibidos en el barrio | B25: % reporta: Pandillas o grupos delictivos | C25: CC_2 | D25: Excluye Ns/Nc | E25: 0.26451197 | F25: 0.30203725 | G25: 0.43817463 | H25: 0.4942288 | I25: =(F25-E25)*100 -> 3.7525284 | J25: =(H25-G25)*100 -> 5.6054173 | K25: =I25-J25 -> -1.8528889 | L25: 4.0120145 | M25: =K25-1.96*L25 -> -9.7164373 | N25: =K25+1.96*L25 -> 6.0106595 | O25: =2*(1-NORMSDIST(ABS(K25/L25))) -> 0.64419961 | P25: =IF(O25<0.01,"**",IF(O25<0.05,"*","")) | Q25: 538 | R25: 381
A26: C. Problemas percibidos en el barrio | B26: % reporta: Consumo de alcohol en espacio público | C26: CC_3 | D26: Excluye Ns/Nc | E26: 0.60621013 | F26: 0.60102362 | G26: 0.73921517 | H26: 0.79098559 | I26: =(F26-E26)*100 -> -0.51865147 | J26: =(H26-G26)*100 -> 5.1770421 | K26: =I26-J26 -> -5.6956936 | L26: 4.3508423 | M26: =K26-1.96*L26 -> -14.223345 | N26: =K26+1.96*L26 -> 2.8319574 | O26: =2*(1-NORMSDIST(ABS(K26/L26))) -> 0.19050002 | P26: =IF(O26<0.01,"**",IF(O26<0.05,"*","")) | Q26: 546 | R26: 392
A27: C. Problemas percibidos en el barrio | B27: % reporta: Venta clandestina de alcohol | C27: CC_4 | D27: Excluye Ns/Nc | E27: 0.27873521 | F27: 0.2965713 | G27: 0.46061509 | H27: 0.4499009 | I27: =(F27-E27)*100 -> 1.7836092 | J27: =(H27-G27)*100 -> -1.0714192 | K27: =I27-J27 -> 2.8550284 | L27: 3.947689 | M27: =K27-1.96*L27 -> -4.882442 | N27: =K27+1.96*L27 -> 10.592499 | O27: =2*(1-NORMSDIST(ABS(K27/L27))) -> 0.46954772 | P27: =IF(O27<0.01,"**",IF(O27<0.05,"*","")) | Q27: 527 | R27: 366
A28: C. Problemas percibidos en el barrio | B28: % reporta: Consumo de drogas en espacio público | C28: CC_5 | D28: Excluye Ns/Nc | E28: 0.3560181 | F28: 0.38612366 | G28: 0.48198515 | H28: 0.57746764 | I28: =(F28-E28)*100 -> 3.0105561 | J28: =(H28-G28)*100 -> 9.5482491 | K28: =I28-J28 -> -6.537693 | L28: 4.512646 | M28: =K28-1.96*L28 -> -15.382479 | N28: =K28+1.96*L28 -> 2.3070932 | O28: =2*(1-NORMSDIST(ABS(K28/L28))) -> 0.14740759 | P28: =IF(O28<0.01,"**",IF(O28<0.05,"*","")) | Q28: 529 | R28: 363
A29: C. Problemas percibidos en el barrio | B29: % reporta: Venta de drogas en espacio público | C29: CC_6 | D29: Excluye Ns/Nc | E29: 0.22965604 | F29: 0.23900016 | G29: 0.35142202 | H29: 0.40542941 | I29: =(F29-E29)*100 -> 0.93441187 | J29: =(H29-G29)*100 -> 5.4007399 | K29: =I29-J29 -> -4.466328 | L29: 4.2553726 | M29: =K29-1.96*L29 -> -12.806858 | N29: =K29+1.96*L29 -> 3.8742022 | O29: =2*(1-NORMSDIST(ABS(K29/L29))) -> 0.29391406 | P29: =IF(O29<0.01,"**",IF(O29<0.05,"*","")) | Q29: 507 | R29: 339
A30: C. Problemas percibidos en el barrio | B30: % reporta: Calles sin iluminación | C30: CC_7 | D30: Excluye Ns/Nc | E30: 0.28242476 | F30: 0.25129938 | G30: 0.4038984 | H30: 0.37859156 | I30: =(F30-E30)*100 -> -3.1125383 | J30: =(H30-G30)*100 -> -2.530684 | K30: =I30-J30 -> -0.58185421 | L30: 4.089098 | M30: =K30-1.96*L30 -> -8.5964863 | N30: =K30+1.96*L30 -> 7.4327779 | O30: =2*(1-NORMSDIST(ABS(K30/L30))) -> 0.88684777 | P30: =IF(O30<0.01,"**",IF(O30<0.05,"*","")) | Q30: 545 | R30: 394
A31: C. Problemas percibidos en el barrio | B31: % reporta: Apropiación de viviendas por grupos delictivos | C31: CC_8 | D31: Excluye Ns/Nc | E31: 0.044020701 | F31: 0.053539722 | G31: 0.083646153 | H31: 0.1170026 | I31: =(F31-E31)*100 -> 0.95190205 | J31: =(H31-G31)*100 -> 3.3356443 | K31: =I31-J31 -> -2.3837422 | L31: 1.7913272 | M31: =K31-1.96*L31 -> -5.8947435 | N31: =K31+1.96*L31 -> 1.127259 | O31: =2*(1-NORMSDIST(ABS(K31/L31))) -> 0.18328349 | P31: =IF(O31<0.01,"**",IF(O31<0.05,"*","")) | Q31: 545 | R31: 373
A32: C. Problemas percibidos en el barrio | B32: % reporta: Reclutamiento de NNA | C32: CC_9 | D32: Excluye Ns/Nc | E32: 0.049592855 | F32: 0.043385056 | G32: 0.082445914 | H32: 0.071525894 | I32: =(F32-E32)*100 -> -0.62077984 | J32: =(H32-G32)*100 -> -1.092002 | K32: =I32-J32 -> 0.47122213 | L32: 1.7505872 | M32: =K32-1.96*L32 -> -2.9599289 | N32: =K32+1.96*L32 -> 3.9023731 | O32: =2*(1-NORMSDIST(ABS(K32/L32))) -> 0.78779159 | P32: =IF(O32<0.01,"**",IF(O32<0.05,"*","")) | Q32: 531 | R32: 367
A33: C. Problemas percibidos en el barrio | B33: % vio civiles armados en su barrio | C33: TA_3 | D33: Excluye Ns/Nc | E33: 0.072290707 | F33: 0.068437333 | G33: 0.1348791 | H33: 0.099419334 | I33: =(F33-E33)*100 -> -0.38533742 | J33: =(H33-G33)*100 -> -3.5459769 | K33: =I33-J33 -> 3.1606395 | L33: 2.7942148 | M33: =K33-1.96*L33 -> -2.3160215 | N33: =K33+1.96*L33 -> 8.6373005 | O33: =2*(1-NORMSDIST(ABS(K33/L33))) -> 0.25799747 | P33: =IF(O33<0.01,"**",IF(O33<0.05,"*","")) | Q33: 545 | R33: 393
A34: D. Victimización (12 meses)
A35: D. Victimización (12 meses) | B35: % víctima de al menos un delito personal (robo, hurto, estafa, fraude, agresión, amenaza, extorsión) | C35: VI_PERS | D35: Todos los encuestados | E35: 0.24380633 | F35: 0.22023619 | G35: 0.24032915 | H35: 0.30606238 | I35: =(F35-E35)*100 -> -2.3570139 | J35: =(H35-G35)*100 -> 6.5733227 | K35: =I35-J35 -> -8.9303366 | L35: 3.5352431 | M35: =K35-1.96*L35 -> -15.859413 | N35: =K35+1.96*L35 -> -2.0012603 | O35: =2*(1-NORMSDIST(ABS(K35/L35))) -> 0.011534044 | P35: =IF(O35<0.01,"**",IF(O35<0.05,"*","")) -> * | Q35: 552 | R35: 399
A36: D. Victimización (12 meses) | B36: % hogares con al menos un delito contra el hogar (vivienda, vehículo, moto, autopartes, negocio, secuestro) | C36: VI_HOG | D36: Todos los hogares; ítems filtrados = 0 si no aplica | E36: 0.14980257 | F36: 0.16717075 | G36: 0.14272706 | H36: 0.17372268 | I36: =(F36-E36)*100 -> 1.7368184 | J36: =(H36-G36)*100 -> 3.0995616 | K36: =I36-J36 -> -1.3627433 | L36: 2.9907313 | M36: =K36-1.96*L36 -> -7.2245767 | N36: =K36+1.96*L36 -> 4.4990902 | O36: =2*(1-NORMSDIST(ABS(K36/L36))) -> 0.64863771 | P36: =IF(O36<0.01,"**",IF(O36<0.05,"*","")) | Q36: 552 | R36: 399
A37: D. Victimización (12 meses) | B37: % víctima: Robo con violencia o amenaza | C37: VI_6 | D37: Todos los encuestados | E37: 0.091857953 | F37: 0.1078332 | G37: 0.094466965 | H37: 0.13362767 | I37: =(F37-E37)*100 -> 1.597525 | J37: =(H37-G37)*100 -> 3.9160702 | K37: =I37-J37 -> -2.3185453 | L37: 2.3838215 | M37: =K37-1.96*L37 -> -6.9908354 | N37: =K37+1.96*L37 -> 2.3537449 | O37: =2*(1-NORMSDIST(ABS(K37/L37))) -> 0.3307437 | P37: =IF(O37<0.01,"**",IF(O37<0.05,"*","")) | Q37: 552 | R37: 399
A38: D. Victimización (12 meses) | B38: % víctima: Hurto (sin violencia) | C38: VI_7 | D38: Todos los encuestados | E38: 0.065489535 | F38: 0.095020279 | G38: 0.08854109 | H38: 0.12394485 | I38: =(F38-E38)*100 -> 2.9530744 | J38: =(H38-G38)*100 -> 3.5403762 | K38: =I38-J38 -> -0.58730186 | L38: 2.1032523 | M38: =K38-1.96*L38 -> -4.7096763 | N38: =K38+1.96*L38 -> 3.5350726 | O38: =2*(1-NORMSDIST(ABS(K38/L38))) -> 0.78006441 | P38: =IF(O38<0.01,"**",IF(O38<0.05,"*","")) | Q38: 552 | R38: 399
A39: D. Victimización (12 meses) | B39: % víctima: Estafa | C39: VI_8 | D39: Todos los encuestados | E39: 0.034966883 | F39: 0.052536182 | G39: 0.056423818 | H39: 0.067293149 | I39: =(F39-E39)*100 -> 1.7569299 | J39: =(H39-G39)*100 -> 1.0869331 | K39: =I39-J39 -> 0.66999684 | L39: 1.5997953 | M39: =K39-1.96*L39 -> -2.465602 | N39: =K39+1.96*L39 -> 3.8055957 | O39: =2*(1-NORMSDIST(ABS(K39/L39))) -> 0.67536114 | P39: =IF(O39<0.01,"**",IF(O39<0.05,"*","")) | Q39: 552 | R39: 399
A40: D. Victimización (12 meses) | B40: % víctima: Fraude bancario | C40: VI_9 | D40: Todos los encuestados | E40: 0.052300512 | F40: 0.04489146 | G40: 0.028046067 | H40: 0.046394183 | I40: =(F40-E40)*100 -> -0.74090512 | J40: =(H40-G40)*100 -> 1.8348116 | K40: =I40-J40 -> -2.5757167 | L40: 1.9677405 | M40: =K40-1.96*L40 -> -6.4324882 | N40: =K40+1.96*L40 -> 1.2810548 | O40: =2*(1-NORMSDIST(ABS(K40/L40))) -> 0.19054393 | P40: =IF(O40<0.01,"**",IF(O40<0.05,"*","")) | Q40: 552 | R40: 399
A41: D. Victimización (12 meses) | B41: % víctima: Agresión física por desconocido | C41: VI_11 | D41: Todos los encuestados | E41: 0.019539229 | F41: 0.012434468 | G41: 0.032414392 | H41: 0.044195717 | I41: =(F41-E41)*100 -> -0.71047605 | J41: =(H41-G41)*100 -> 1.1781325 | K41: =I41-J41 -> -1.8886085 | L41: 1.0004699 | M41: =K41-1.96*L41 -> -3.8495295 | N41: =K41+1.96*L41 -> 0.072312392 | O41: =2*(1-NORMSDIST(ABS(K41/L41))) -> 0.059063339 | P41: =IF(O41<0.01,"**",IF(O41<0.05,"*","")) | Q41: 552 | R41: 399
A42: D. Victimización (12 meses) | B42: % víctima: Amenaza creíble | C42: VI_12 | D42: Todos los encuestados | E42: 0.035124106 | F42: 0.037264028 | G42: 0.041188909 | H42: 0.056016061 | I42: =(F42-E42)*100 -> 0.21399221 | J42: =(H42-G42)*100 -> 1.4827153 | K42: =I42-J42 -> -1.2687231 | L42: 1.4786308 | M42: =K42-1.96*L42 -> -4.1668394 | N42: =K42+1.96*L42 -> 1.6293933 | O42: =2*(1-NORMSDIST(ABS(K42/L42))) -> 0.39087086 | P42: =IF(O42<0.01,"**",IF(O42<0.05,"*","")) | Q42: 552 | R42: 399
A43: D. Victimización (12 meses) | B43: % víctima: Extorsión | C43: VI_13 | D43: Todos los encuestados | E43: 0.010787252 | F43: 0.012481537 | G43: 0.0092698353 | H43: 0.01343625 | I43: =(F43-E43)*100 -> 0.1694285 | J43: =(H43-G43)*100 -> 0.41664146 | K43: =I43-J43 -> -0.24721295 | L43: 0.94460605 | M43: =K43-1.96*L43 -> -2.0986408 | N43: =K43+1.96*L43 -> 1.6042149 | O43: =2*(1-NORMSDIST(ABS(K43/L43))) -> 0.79354494 | P43: =IF(O43<0.01,"**",IF(O43<0.05,"*","")) | Q43: 552 | R43: 399
A44: D. Victimización (12 meses) | B44: % víctima: Pago de soborno a funcionario | C44: VI_10 | D44: Todos los encuestados | E44: 0.010585325 | F44: 0.017370219 | G44: 0.015355107 | H44: 0.020141171 | I44: =(F44-E44)*100 -> 0.67848942 | J44: =(H44-G44)*100 -> 0.47860643 | K44: =I44-J44 -> 0.19988299 | L44: 1.017744 | M44: =K44-1.96*L44 -> -1.7948952 | N44: =K44+1.96*L44 -> 2.1946612 | O44: =2*(1-NORMSDIST(ABS(K44/L44))) -> 0.84429858 | P44: =IF(O44<0.01,"**",IF(O44<0.05,"*","")) | Q44: 552 | R44: 399
A45: D. Victimización (12 meses) | B45: % víctima: Robo a la vivienda | C45: VI_4 | D45: Todos los hogares | E45: 0.073343329 | F45: 0.049926014 | G45: 0.068232072 | H45: 0.061987224 | I45: =(F45-E45)*100 -> -2.3417315 | J45: =(H45-G45)*100 -> -0.62448483 | K45: =I45-J45 -> -1.7172467 | L45: 2.0747704 | M45: =K45-1.96*L45 -> -5.7837966 | N45: =K45+1.96*L45 -> 2.3493032 | O45: =2*(1-NORMSDIST(ABS(K45/L45))) -> 0.40785155 | P45: =IF(O45<0.01,"**",IF(O45<0.05,"*","")) | Q45: 551 | R45: 398
A46: D. Victimización (12 meses) | B46: % víctima: Secuestro (algún miembro del hogar) | C46: VI_14 | D46: Todos los hogares | E46: 0.007888109 | F46: 0.0024765202 | G46: 0.0083766359 | H46: 0.0053024245 | I46: =(F46-E46)*100 -> -0.54115889 | J46: =(H46-G46)*100 -> -0.30742114 | K46: =I46-J46 -> -0.23373775 | L46: 0.57142007 | M46: =K46-1.96*L46 -> -1.3537211 | N46: =K46+1.96*L46 -> 0.8862456 | O46: =2*(1-NORMSDIST(ABS(K46/L46))) -> 0.68250507 | P46: =IF(O46<0.01,"**",IF(O46<0.05,"*","")) | Q46: 552 | R46: 399
... A50: D. Victimización (12 meses) | B50: % víctima: Robo a negocio en la vivienda (hogares con negocio) | C50: VI_5_1 | D50: Solo hogares a los que aplica el filtro | E50: 0.2166049 | F50: 0.2311379 | G50: 0.20086536 | H50: 0.22052954 | I50: =(F50-E50)*100 -> 1.4533003 | J50: =(H50-G50)*100 -> 1.9664177 | K50: =I50-J50 -> -0.51311744 | L50: 8.988992 | M50: =K50-1.96*L50 -> -18.131542 | N50: =K50+1.96*L50 -> 17.105307 | O50: =2*(1-NORMSDIST(ABS(K50/L50))) -> 0.95447918 | P50: =IF(O50<0.01,"**",IF(O50<0.05,"*","")) | Q50: 74 | R50: 56
A51: E. Confianza institucional
A52: E. Confianza institucional | B52: % confía en: Policía Nacional | C52: CIE_4_1 | D52: Solo quienes dicen conocer sus funciones | E52: 0.45803554 | F52: 0.55544218 | G52: 0.46497132 | H52: 0.46869362 | I52: =(F52-E52)*100 -> 9.7406643 | J52: =(H52-G52)*100 -> 0.37223001 | K52: =I52-J52 -> 9.3684343 | L52: 5.0181246 | M52: =K52-1.96*L52 -> -0.46708996 | N52: =K52+1.96*L52 -> 19.203959 | O52: =2*(1-NORMSDIST(ABS(K52/L52))) -> 0.061912842 | P52: =IF(O52<0.01,"**",IF(O52<0.05,"*","")) | Q52: 412 | R52: 353 | S52: La proporción que conoce la institución cambió mucho entre olas: base no comparable
A53: E. Confianza institucional | B53: % confía en: Fuerzas Armadas | C53: CIE_5_1 | D53: Solo quienes dicen conocer sus funciones | E53: 0.78092391 | F53: 0.77059125 | G53: 0.74741262 | H53: 0.69490477 | I53: =(F53-E53)*100 -> -1.0332663 | J53: =(H53-G53)*100 -> -5.2507846 | K53: =I53-J53 -> 4.2175183 | L53: 4.597672 | M53: =K53-1.96*L53 -> -4.7939187 | N53: =K53+1.96*L53 -> 13.228955 | O53: =2*(1-NORMSDIST(ABS(K53/L53))) -> 0.35897705 | P53: =IF(O53<0.01,"**",IF(O53<0.05,"*","")) | Q53: 391 | R53: 335 | S53: La proporción que conoce la institución cambió mucho entre olas: base no comparable
A54: E. Confianza institucional | B54: % confía en: Fiscalía | C54: CIE_3_1 | D54: Solo quienes dicen conocer sus funciones | E54: 0.47194198 | F54: 0.37085306 | G54: 0.44515826 | H54: 0.27877145 | I54: =(F54-E54)*100 -> -10.108892 | J54: =(H54-G54)*100 -> -16.638681 | K54: =I54-J54 -> 6.5297892 | L54: 6.7102711 | M54: =K54-1.96*L54 -> -6.6223422 | N54: =K54+1.96*L54 -> 19.681921 | O54: =2*(1-NORMSDIST(ABS(K54/L54))) -> 0.3305018 | P54: =IF(O54<0.01,"**",IF(O54<0.05,"*","")) | Q54: 195 | R54: 262 | S54: La proporción que conoce la institución cambió mucho entre olas: base no comparable
A55: E. Confianza institucional | B55: % confía en: Juzgados y cortes | C55: CIE_1_1 | D55: Solo quienes dicen conocer sus funciones | E55: 0.40773175 | F55: 0.31878928 | G55: 0.41546236 | H55: 0.22484374 | I55: =(F55-E55)*100 -> -8.8942471 | J55: =(H55-G55)*100 -> -19.061862 | K55: =I55-J55 -> 10.167615 | L55: 7.4415647 | M55: =K55-1.96*L55 -> -4.4178521 | N55: =K55+1.96*L55 -> 24.753081 | O55: =2*(1-NORMSDIST(ABS(K55/L55))) -> 0.17183619 | P55: =IF(O55<0.01,"**",IF(O55<0.05,"*","")) | Q55: 128 | R55: 195 | S55: La proporción que conoce la institución cambió mucho entre olas: base no comparable
A56: E. Confianza institucional | B56: % confía en: ECU 911 | C56: CIE_2_1 | D56: Solo quienes dicen conocer sus funciones | E56: 0.55353227 | F56: 0.60988268 | G56: 0.59733504 | H56: 0.52190559 | I56: =(F56-E56)*100 -> 5.6350408 | J56: =(H56-G56)*100 -> -7.5429456 | K56: =I56-J56 -> 13.177986 | L56: 5.0700847 | M56: =K56-1.96*L56 -> 3.2406204 | N56: =K56+1.96*L56 -> 23.115352 | O56: =2*(1-NORMSDIST(ABS(K56/L56))) -> 0.0093450858 | P56: =IF(O56<0.01,"**",IF(O56<0.05,"*","")) -> ** | Q56: 384 | R56: 328 | S56: La proporción que conoce la institución cambió mucho entre olas: base no comparable
A57: E. Confianza institucional | B57: % confía en: Agentes de Control Metropolitano (CACMQ) | C57: CIM_4_1 | D57: Solo quienes dicen conocer sus funciones | E57: 0.46112839 | F57: 0.44559463 | G57: 0.47160614 | H57: 0.4261015 | I57: =(F57-E57)*100 -> -1.5533764 | J57: =(H57-G57)*100 -> -4.5504642 | K57: =I57-J57 -> 2.9970878 | L57: 6.7936339 | M57: =K57-1.96*L57 -> -10.318435 | N57: =K57+1.96*L57 -> 16.31261 | O57: =2*(1-NORMSDIST(ABS(K57/L57))) -> 0.65909629 | P57: =IF(O57<0.01,"**",IF(O57<0.05,"*","")) | Q57: 208 | R57: 211 | S57: La proporción que conoce la institución cambió mucho entre olas: base no comparable
A58: E. Confianza institucional | B58: % confía en: Secretaría de Seguridad (municipal) | C58: CIM_5_1 | D58: Solo quienes dicen conocer sus funciones | E58: 0.73163969 | F58: 0.64173237 | G58: 0.69433747 | H58: 0.61802494 | I58: =(F58-E58)*100 -> -8.9907325 | J58: =(H58-G58)*100 -> -7.6312535 | K58: =I58-J58 -> -1.359479 | L58: 9.0141124 | M58: =K58-1.96*L58 -> -19.027139 | N58: =K58+1.96*L58 -> 16.308181 | O58: =2*(1-NORMSDIST(ABS(K58/L58))) -> 0.88012028 | P58: =IF(O58<0.01,"**",IF(O58<0.05,"*","")) | Q58: 122 | R58: 159 | S58: La proporción que conoce la institución cambió mucho entre olas: base no comparable
A59: F. Cambios de hábitos por inseguridad
A60: F. Cambios de hábitos por inseguridad | B60: % redujo la frecuencia de: Salir de noche | C60: CH_1 | D60: Excluye Ns/Nc y No aplica | E60: 0.65823092 | F60: 0.55567722 | G60: 0.68712194 | H60: 0.64610561 | I60: =(F60-E60)*100 -> -10.255371 | J60: =(H60-G60)*100 -> -4.1016331 | K60: =I60-J60 -> -6.1537375 | L60: 4.7957212 | M60: =K60-1.96*L60 -> -15.553351 | N60: =K60+1.96*L60 -> 3.245876 | O60: =2*(1-NORMSDIST(ABS(K60/L60))) -> 0.19943165 | P60: =IF(O60<0.01,"**",IF(O60<0.05,"*","")) | Q60: 453 | R60: 329
A61: F. Cambios de hábitos por inseguridad | B61: % redujo la frecuencia de: Visitar espacios recreativos públicos | C61: CH_2 | D61: Excluye Ns/Nc y No aplica | E61: 0.6209009 | F61: 0.48352925 | G61: 0.5714668 | H61: 0.49682462 | I61: =(F61-E61)*100 -> -13.737164 | J61: =(H61-G61)*100 -> -7.4642181 | K61: =I61-J61 -> -6.2729461 | L61: 4.7640065 | M61: =K61-1.96*L61 -> -15.610399 | N61: =K61+1.96*L61 -> 3.0645067 | O61: =2*(1-NORMSDIST(ABS(K61/L61))) -> 0.18792662 | P61: =IF(O61<0.01,"**",IF(O61<0.05,"*","")) | Q61: 445 | R61: 359
A62: F. Cambios de hábitos por inseguridad | B62: % redujo la frecuencia de: Dejar salir solos a hijos menores | C62: CH_3 | D62: Excluye Ns/Nc y No aplica | E62: 0.68990632 | F62: 0.72753649 | G62: 0.80255396 | H62: 0.7167007 | I62: =(F62-E62)*100 -> 3.7630169 | J62: =(H62-G62)*100 -> -8.5853263 | K62: =I62-J62 -> 12.348343 | L62: 6.4989241 | M62: =K62-1.96*L62 -> -0.38954799 | N62: =K62+1.96*L62 -> 25.086234 | O62: =2*(1-NORMSDIST(ABS(K62/L62))) -> 0.057425296 | P62: =IF(O62<0.01,"**",IF(O62<0.05,"*","")) | Q62: 201 | R62: 180
A63: F. Cambios de hábitos por inseguridad | B63: % redujo la frecuencia de: Visitar lugares turísticos | C63: CH_4 | D63: Excluye Ns/Nc y No aplica | E63: 0.58399973 | F63: 0.45209118 | G63: 0.58029169 | H63: 0.55575929 | I63: =(F63-E63)*100 -> -13.190855 | J63: =(H63-G63)*100 -> -2.4532399 | K63: =I63-J63 -> -10.737615 | L63: 4.7807696 | M63: =K63-1.96*L63 -> -20.107923 | N63: =K63+1.96*L63 -> -1.3673064 | O63: =2*(1-NORMSDIST(ABS(K63/L63))) -> 0.024703924 | P63: =IF(O63<0.01,"**",IF(O63<0.05,"*","")) -> * | Q63: 448 | R63: 340
A64: F. Cambios de hábitos por inseguridad | B64: % redujo la frecuencia de: Asistir a eventos culturales/deportivos | C64: CH_5 | D64: Excluye Ns/Nc y No aplica | E64: 0.60037797 | F64: 0.57492609 | G64: 0.65380584 | H64: 0.59385244 | I64: =(F64-E64)*100 -> -2.5451883 | J64: =(H64-G64)*100 -> -5.9953401 | K64: =I64-J64 -> 3.4501518 | L64: 5.257056 | M64: =K64-1.96*L64 -> -6.853678 | N64: =K64+1.96*L64 -> 13.753982 | O64: =2*(1-NORMSDIST(ABS(K64/L64))) -> 0.51163773 | P64: =IF(O64<0.01,"**",IF(O64<0.05,"*","")) | Q64: 366 | R64: 318
A65: F. Cambios de hábitos por inseguridad | B65: % redujo la frecuencia de: Caminar por el barrio | C65: CH_6 | D65: Excluye Ns/Nc y No aplica | E65: 0.56010531 | F65: 0.35793569 | G65: 0.55533993 | H65: 0.38657394 | I65: =(F65-E65)*100 -> -20.216962 | J65: =(H65-G65)*100 -> -16.876599 | K65: =I65-J65 -> -3.3403625 | L65: 4.8340028 | M65: =K65-1.96*L65 -> -12.815008 | N65: =K65+1.96*L65 -> 6.1342829 | O65: =2*(1-NORMSDIST(ABS(K65/L65))) -> 0.48955688 | P65: =IF(O65<0.01,"**",IF(O65<0.05,"*","")) | Q65: 434 | R65: 385 | S65: "No aplica" cae de 17% a 2% entre olas: base no comparable
A66: F. Cambios de hábitos por inseguridad | B66: % participa en iniciativas barriales de seguridad | C66: SP_5 | D66: Todos los encuestados | E66: 0.37350536 | F66: 0.31457641 | G66: 0.37694587 | H66: 0.29562924 | I66: =(F66-E66)*100 -> -5.8928955 | J66: =(H66-G66)*100 -> -8.1316631 | K66: =I66-J66 -> 2.2387677 | L66: 4.2534481 | M66: =K66-1.96*L66 -> -6.0979906 | N66: =K66+1.96*L66 -> 10.575526 | O66: =2*(1-NORMSDIST(ABS(K66/L66))) -> 0.59865072 | P66: =IF(O66<0.01,"**",IF(O66<0.05,"*","")) | Q66: 552 | R66: 399
A68: Azul: insumos calculados en Python (medias ponderadas y EE de la regresión). Negro: fórmulas.

Sheet La Delicia
A1: La Delicia vs. resto del DMQ: cambio 2023-2024 → 2025-2026
A2: Proporciones ponderadas (peso_az_estrato). DiD = cambio AZ − cambio resto. EE robusto HC1. El signo describe la dirección del indicador, sin valoración.
A4: Bloque | B4: Indicador | C4: Código | D4: Base | E4: AZ 2023 | F4: AZ 2025 | G4: Resto 2023 | H4: Resto 2025 | I4: Cambio AZ (pp) | J4: Cambio resto (pp) | K4: DiD (pp) | L4: EE (pp) | M4: IC95 inf (pp) | N4: IC95 sup (pp) | O4: Valor p | P4: Sig. | Q4: n AZ 2023 | R4: n AZ 2025 | S4: Advertencia
A5: A. Percepción de inseguridad
A6: A. Percepción de inseguridad | B6: % se siente inseguro: Alrededor de su casa | C6: PSC_1 | D6: Excluye "No aplica" | E6: 0.58766153 | F6: 0.50236313 | G6: 0.55930657 | H6: 0.56664666 | I6: =(F6-E6)*100 -> -8.5298407 | J6: =(H6-G6)*100 -> 0.73400912 | K6: =I6-J6 -> -9.2638498 | L6: 4.2206279 | M6: =K6-1.96*L6 -> -17.53628 | N6: =K6+1.96*L6 -> -0.99141913 | O6: =2*(1-NORMSDIST(ABS(K6/L6))) -> 0.02817088 | P6: =IF(O6<0.01,"**",IF(O6<0.05,"*","")) -> * | Q6: 509 | R6: 402
A7: A. Percepción de inseguridad | B7: % se siente inseguro: En su barrio | C7: PSC_2 | D7: Excluye "No aplica" | E7: 0.65661842 | F7: 0.64536782 | G7: 0.6384129 | H7: 0.69001322 | I7: =(F7-E7)*100 -> -1.1250603 | J7: =(H7-G7)*100 -> 5.1600317 | K7: =I7-J7 -> -6.285092 | L7: 4.0092242 | M7: =K7-1.96*L7 -> -14.143171 | N7: =K7+1.96*L7 -> 1.5729873 | O7: =2*(1-NORMSDIST(ABS(K7/L7))) -> 0.11696099 | P7: =IF(O7<0.01,"**",IF(O7<0.05,"*","")) | Q7: 510 | R7: 401
A8: A. Percepción de inseguridad | B8: % se siente inseguro: Cerca de centros educativos | C8: PSC_4 | D8: Excluye "No aplica" | E8: 0.62989596 | F8: 0.49270998 | G8: 0.60342706 | H8: 0.57781761 | I8: =(F8-E8)*100 -> -13.718598 | J8: =(H8-G8)*100 -> -2.5609453 | K8: =I8-J8 -> -11.157653 | L8: 4.4794218 | M8: =K8-1.96*L8 -> -19.937319 | N8: =K8+1.96*L8 -> -2.377986 | O8: =2*(1-NORMSDIST(ABS(K8/L8))) -> 0.012743111 | P8: =IF(O8<0.01,"**",IF(O8<0.05,"*","")) -> * | Q8: 453 | R8: 331
A9: A. Percepción de inseguridad | B9: % se siente inseguro: Mercados y ferias | C9: PSC_5 | D9: Excluye "No aplica" | E9: 0.78438332 | F9: 0.71290121 | G9: 0.76848049 | H9: 0.72709964 | I9: =(F9-E9)*100 -> -7.1482118 | J9: =(H9-G9)*100 -> -4.1380851 | K9: =I9-J9 -> -3.0101267 | L9: 4.3465365 | M9: =K9-1.96*L9 -> -11.529338 | N9: =K9+1.96*L9 -> 5.5090849 | O9: =2*(1-NORMSDIST(ABS(K9/L9))) -> 0.48860169 | P9: =IF(O9<0.01,"**",IF(O9<0.05,"*","")) | Q9: 452 | R9: 383
A10: A. Percepción de inseguridad | B10: % se siente inseguro: Cajeros en vía pública | C10: PSC_6 | D10: Excluye "No aplica" | E10: 0.80015567 | F10: 0.79247112 | G10: 0.7944231 | H10: 0.7914212 | I10: =(F10-E10)*100 -> -0.7684544 | J10: =(H10-G10)*100 -> -0.30018999 | K10: =I10-J10 -> -0.46826442 | L10: 4.4111844 | M10: =K10-1.96*L10 -> -9.1141859 | N10: =K10+1.96*L10 -> 8.1776571 | O10: =2*(1-NORMSDIST(ABS(K10/L10))) -> 0.91546025 | P10: =IF(O10<0.01,"**",IF(O10<0.05,"*","")) | Q10: 417 | R10: 347
A11: A. Percepción de inseguridad | B11: % se siente inseguro: Espacios públicos de la ciudad | C11: PSC_7 | D11: Excluye "No aplica" | E11: 0.80754766 | F11: 0.76798299 | G11: 0.7969086 | H11: 0.78601172 | I11: =(F11-E11)*100 -> -3.9564678 | J11: =(H11-G11)*100 -> -1.0896886 | K11: =I11-J11 -> -2.8667792 | L11: 3.3262778 | M11: =K11-1.96*L11 -> -9.3862837 | N11: =K11+1.96*L11 -> 3.6527253 | O11: =2*(1-NORMSDIST(ABS(K11/L11))) -> 0.38876565 | P11: =IF(O11<0.01,"**",IF(O11<0.05,"*","")) | Q11: 478 | R11: 396
A12: A. Percepción de inseguridad | B12: % se siente inseguro: Metro de Quito | C12: PSC_8 | D12: Excluye "No aplica" | E12: 0.28709376 | F12: 0.17012976 | G12: 0.29674329 | H12: 0.15107939 | I12: =(F12-E12)*100 -> -11.6964 | J12: =(H12-G12)*100 -> -14.56639 | K12: =I12-J12 -> 2.8699899 | L12: 4.3419572 | M12: =K12-1.96*L12 -> -5.6402462 | N12: =K12+1.96*L12 -> 11.380226 | O12: =2*(1-NORMSDIST(ABS(K12/L12))) -> 0.50861878 | P12: =IF(O12<0.01,"**",IF(O12<0.05,"*","")) | Q12: 347 | R12: 311
A13: A. Percepción de inseguridad | B13: % se siente inseguro: Trole, Ecovía, corredores | C13: PSC_9 | D13: Excluye "No aplica" | E13: 0.8795104 | F13: 0.83210211 | G13: 0.84982632 | H13: 0.7836328 | I13: =(F13-E13)*100 -> -4.7408295 | J13: =(H13-G13)*100 -> -6.6193528 | K13: =I13-J13 -> 1.8785233 | L13: 2.9102575 | M13: =K13-1.96*L13 -> -3.8255814 | N13: =K13+1.96*L13 -> 7.5826279 | O13: =2*(1-NORMSDIST(ABS(K13/L13))) -> 0.51861389 | P13: =IF(O13<0.01,"**",IF(O13<0.05,"*","")) | Q13: 455 | R13: 375
A14: A. Percepción de inseguridad | B14: % se siente inseguro: Taxis amarillos | C14: PSC_11 | D14: Excluye "No aplica" | E14: 0.70423062 | F14: 0.48104467 | G14: 0.68673942 | H14: 0.52568486 | I14: =(F14-E14)*100 -> -22.318594 | J14: =(H14-G14)*100 -> -16.105456 | K14: =I14-J14 -> -6.2131383 | L14: 4.2427587 | M14: =K14-1.96*L14 -> -14.528945 | N14: =K14+1.96*L14 -> 2.1026687 | O14: =2*(1-NORMSDIST(ABS(K14/L14))) -> 0.14308195 | P14: =IF(O14<0.01,"**",IF(O14<0.05,"*","")) | Q14: 423 | R14: 370
A15: A. Percepción de inseguridad | B15: % se siente inseguro: Transporte por aplicaciones | C15: PSC_12 | D15: Excluye "No aplica" | E15: 0.56169953 | F15: 0.39029251 | G15: 0.5959054 | H15: 0.37943972 | I15: =(F15-E15)*100 -> -17.140702 | J15: =(H15-G15)*100 -> -21.646569 | K15: =I15-J15 -> 4.5058667 | L15: 4.951906 | M15: =K15-1.96*L15 -> -5.199869 | N15: =K15+1.96*L15 -> 14.211602 | O15: =2*(1-NORMSDIST(ABS(K15/L15))) -> 0.36286167 | P15: =IF(O15<0.01,"**",IF(O15<0.05,"*","")) | Q15: 396 | R15: 333
A16: A. Percepción de inseguridad | B16: % se siente inseguro: Espectáculos públicos | C16: PSC_13 | D16: Excluye "No aplica" | E16: 0.62829659 | F16: 0.65561185 | G16: 0.70827129 | H16: 0.65326354 | I16: =(F16-E16)*100 -> 2.7315265 | J16: =(H16-G16)*100 -> -5.5007751 | K16: =I16-J16 -> 8.2323016 | L16: 5.0447906 | M16: =K16-1.96*L16 -> -1.655488 | N16: =K16+1.96*L16 -> 18.120091 | O16: =2*(1-NORMSDIST(ABS(K16/L16))) -> 0.10271276 | P16: =IF(O16<0.01,"**",IF(O16<0.05,"*","")) | Q16: 389 | R16: 311
A17: A. Percepción de inseguridad | B17: % se siente inseguro: Caminando solo/a en el barrio de día | C17: PSC_14 | D17: Excluye "No aplica" | E17: 0.52971505 | F17: 0.43066971 | G17: 0.49491828 | H17: 0.41921141 | I17: =(F17-E17)*100 -> -9.904534 | J17: =(H17-G17)*100 -> -7.5706869 | K17: =I17-J17 -> -2.3338472 | L17: 4.3493096 | M17: =K17-1.96*L17 -> -10.858494 | N17: =K17+1.96*L17 -> 6.1907996 | O17: =2*(1-NORMSDIST(ABS(K17/L17))) -> 0.59154273 | P17: =IF(O17<0.01,"**",IF(O17<0.05,"*","")) | Q17: 496 | R17: 399
A18: A. Percepción de inseguridad | B18: % se siente inseguro: Caminando solo/a en el barrio de noche | C18: PSC_15 | D18: Excluye "No aplica" | E18: 0.85215728 | F18: 0.85745975 | G18: 0.83338108 | H18: 0.87277468 | I18: =(F18-E18)*100 -> 0.5302472 | J18: =(H18-G18)*100 -> 3.9393602 | K18: =I18-J18 -> -3.409113 | L18: 2.9574607 | M18: =K18-1.96*L18 -> -9.205736 | N18: =K18+1.96*L18 -> 2.3875099 | O18: =2*(1-NORMSDIST(ABS(K18/L18))) -> 0.24902686 | P18: =IF(O18<0.01,"**",IF(O18<0.05,"*","")) | Q18: 464 | R18: 372
A19: B. Evolución percibida de la delincuencia
A20: B. Evolución percibida de la delincuencia | B20: % cree que la delincuencia aumentó en su barrio | C20: PSC_16 | D20: Excluye "No aplica" | E20: 0.59468978 | F20: 0.47112163 | G20: 0.57847174 | H20: 0.52170617 | I20: =(F20-E20)*100 -> -12.356815 | J20: =(H20-G20)*100 -> -5.6765572 | K20: =I20-J20 -> -6.6802582 | L20: 4.2634858 | M20: =K20-1.96*L20 -> -15.03669 | N20: =K20+1.96*L20 -> 1.676174 | O20: =2*(1-NORMSDIST(ABS(K20/L20))) -> 0.11714891 | P20: =IF(O20<0.01,"**",IF(O20<0.05,"*","")) | Q20: 502 | R20: 393
A21: B. Evolución percibida de la delincuencia | B21: % cree que la delincuencia aumentó en Quito | C21: PSC_17 | D21: Excluye "No aplica" | E21: 0.92122299 | F21: 0.86451029 | G21: 0.90581513 | H21: 0.87872877 | I21: =(F21-E21)*100 -> -5.6712705 | J21: =(H21-G21)*100 -> -2.7086364 | K21: =I21-J21 -> -2.962634 | L21: 2.550045 | M21: =K21-1.96*L21 -> -7.9607223 | N21: =K21+1.96*L21 -> 2.0354542 | O21: =2*(1-NORMSDIST(ABS(K21/L21))) -> 0.24531803 | P21: =IF(O21<0.01,"**",IF(O21<0.05,"*","")) | Q21: 504 | R21: 399
A22: B. Evolución percibida de la delincuencia | B22: % cree que la delincuencia aumentó en el país | C22: PSC_18 | D22: Excluye "No aplica" | E22: 0.95884192 | F22: 0.91969669 | G22: 0.95030556 | H22: 0.91310309 | I22: =(F22-E22)*100 -> -3.9145237 | J22: =(H22-G22)*100 -> -3.7202471 | K22: =I22-J22 -> -0.19427662 | L22: 1.9062713 | M22: =K22-1.96*L22 -> -3.9305685 | N22: =K22+1.96*L22 -> 3.5420152 | O22: =2*(1-NORMSDIST(ABS(K22/L22))) -> 0.91882457 | P22: =IF(O22<0.01,"**",IF(O22<0.05,"*","")) | Q22: 506 | R22: 399
A23: C. Problemas percibidos en el barrio
A24: C. Problemas percibidos en el barrio | B24: % reporta: Peleas o riñas | C24: CC_1 | D24: Excluye Ns/Nc | E24: 0.53661145 | F24: 0.49793631 | G24: 0.50228563 | H24: 0.54331195 | I24: =(F24-E24)*100 -> -3.8675143 | J24: =(H24-G24)*100 -> 4.1026322 | K24: =I24-J24 -> -7.9701464 | L24: 4.3435767 | M24: =K24-1.96*L24 -> -16.483557 | N24: =K24+1.96*L24 -> 0.54326382 | O24: =2*(1-NORMSDIST(ABS(K24/L24))) -> 0.066516495 | P24: =IF(O24<0.01,"**",IF(O24<0.05,"*","")) | Q24: 502 | R24: 397
A25: C. Problemas percibidos en el barrio | B25: % reporta: Pandillas o grupos delictivos | C25: CC_2 | D25: Excluye Ns/Nc | E25: 0.43752054 | F25: 0.47007672 | G25: 0.41014796 | H25: 0.45978043 | I25: =(F25-E25)*100 -> 3.2556181 | J25: =(H25-G25)*100 -> 4.9632474 | K25: =I25-J25 -> -1.7076293 | L25: 4.5341534 | M25: =K25-1.96*L25 -> -10.59457 | N25: =K25+1.96*L25 -> 7.1793113 | O25: =2*(1-NORMSDIST(ABS(K25/L25))) -> 0.70645988 | P25: =IF(O25<0.01,"**",IF(O25<0.05,"*","")) | Q25: 488 | R25: 389
A26: C. Problemas percibidos en el barrio | B26: % reporta: Consumo de alcohol en espacio público | C26: CC_3 | D26: Excluye Ns/Nc | E26: 0.71185158 | F26: 0.80508877 | G26: 0.72222187 | H26: 0.75046776 | I26: =(F26-E26)*100 -> 9.3237193 | J26: =(H26-G26)*100 -> 2.8245892 | K26: =I26-J26 -> 6.4991301 | L26: 3.6314266 | M26: =K26-1.96*L26 -> -0.61846602 | N26: =K26+1.96*L26 -> 13.616726 | O26: =2*(1-NORMSDIST(ABS(K26/L26))) -> 0.073503662 | P26: =IF(O26<0.01,"**",IF(O26<0.05,"*","")) | Q26: 507 | R26: 401
A27: C. Problemas percibidos en el barrio | B27: % reporta: Venta clandestina de alcohol | C27: CC_4 | D27: Excluye Ns/Nc | E27: 0.46503285 | F27: 0.43825502 | G27: 0.43049145 | H27: 0.42062021 | I27: =(F27-E27)*100 -> -2.6777824 | J27: =(H27-G27)*100 -> -0.98712397 | K27: =I27-J27 -> -1.6906584 | L27: 4.5955203 | M27: =K27-1.96*L27 -> -10.697878 | N27: =K27+1.96*L27 -> 7.3165614 | O27: =2*(1-NORMSDIST(ABS(K27/L27))) -> 0.71295324 | P27: =IF(O27<0.01,"**",IF(O27<0.05,"*","")) | Q27: 472 | R27: 360
A28: C. Problemas percibidos en el barrio | B28: % reporta: Consumo de drogas en espacio público | C28: CC_5 | D28: Excluye Ns/Nc | E28: 0.49873509 | F28: 0.61371315 | G28: 0.45873276 | H28: 0.53262307 | I28: =(F28-E28)*100 -> 11.497806 | J28: =(H28-G28)*100 -> 7.389031 | K28: =I28-J28 -> 4.1087752 | L28: 4.4755892 | M28: =K28-1.96*L28 -> -4.6633797 | N28: =K28+1.96*L28 -> 12.88093 | O28: =2*(1-NORMSDIST(ABS(K28/L28))) -> 0.35859731 | P28: =IF(O28<0.01,"**",IF(O28<0.05,"*","")) | Q28: 481 | R28: 378
A29: C. Problemas percibidos en el barrio | B29: % reporta: Venta de drogas en espacio público | C29: CC_6 | D29: Excluye Ns/Nc | E29: 0.37889548 | F29: 0.40523034 | G29: 0.32703585 | H29: 0.37140784 | I29: =(F29-E29)*100 -> 2.6334868 | J29: =(H29-G29)*100 -> 4.4371983 | K29: =I29-J29 -> -1.8037115 | L29: 4.6810961 | M29: =K29-1.96*L29 -> -10.97866 | N29: =K29+1.96*L29 -> 7.3712368 | O29: =2*(1-NORMSDIST(ABS(K29/L29))) -> 0.70000168 | P29: =IF(O29<0.01,"**",IF(O29<0.05,"*","")) | Q29: 462 | R29: 358
A30: C. Problemas percibidos en el barrio | B30: % reporta: Calles sin iluminación | C30: CC_7 | D30: Excluye Ns/Nc | E30: 0.3881035 | F30: 0.39521186 | G30: 0.38687406 | H30: 0.35004959 | I30: =(F30-E30)*100 -> 0.71083638 | J30: =(H30-G30)*100 -> -3.6824466 | K30: =I30-J30 -> 4.393283 | L30: 4.3951727 | M30: =K30-1.96*L30 -> -4.2212556 | N30: =K30+1.96*L30 -> 13.007821 | O30: =2*(1-NORMSDIST(ABS(K30/L30))) -> 0.31751863 | P30: =IF(O30<0.01,"**",IF(O30<0.05,"*","")) | Q30: 503 | R30: 402
A31: C. Problemas percibidos en el barrio | B31: % reporta: Apropiación de viviendas por grupos delictivos | C31: CC_8 | D31: Excluye Ns/Nc | E31: 0.14253732 | F31: 0.11513343 | G31: 0.068210349 | H31: 0.10446243 | I31: =(F31-E31)*100 -> -2.7403888 | J31: =(H31-G31)*100 -> 3.625208 | K31: =I31-J31 -> -6.3655967 | L31: 3.9517182 | M31: =K31-1.96*L31 -> -14.110964 | N31: =K31+1.96*L31 -> 1.379771 | O31: =2*(1-NORMSDIST(ABS(K31/L31))) -> 0.107214 | P31: =IF(O31<0.01,"**",IF(O31<0.05,"*","")) | Q31: 485 | R31: 363
A32: C. Problemas percibidos en el barrio | B32: % reporta: Reclutamiento de NNA | C32: CC_9 | D32: Excluye Ns/Nc | E32: 0.10774742 | F32: 0.10468825 | G32: 0.073271156 | H32: 0.05980722 | I32: =(F32-E32)*100 -> -0.30591683 | J32: =(H32-G32)*100 -> -1.3463937 | K32: =I32-J32 -> 1.0404768 | L32: 3.8171132 | M32: =K32-1.96*L32 -> -6.4410651 | N32: =K32+1.96*L32 -> 8.5220188 | O32: =2*(1-NORMSDIST(ABS(K32/L32))) -> 0.78517446 | P32: =IF(O32<0.01,"**",IF(O32<0.05,"*","")) | Q32: 479 | R32: 353
A33: C. Problemas percibidos en el barrio | B33: % vio civiles armados en su barrio | C33: TA_3 | D33: Excluye Ns/Nc | E33: 0.14266618 | F33: 0.12142845 | G33: 0.1235101 | H33: 0.089228764 | I33: =(F33-E33)*100 -> -2.1237735 | J33: =(H33-G33)*100 -> -3.4281339 | K33: =I33-J33 -> 1.3043605 | L33: 3.8200371 | M33: =K33-1.96*L33 -> -6.1829122 | N33: =K33+1.96*L33 -> 8.7916331 | O33: =2*(1-NORMSDIST(ABS(K33/L33))) -> 0.7327631 | P33: =IF(O33<0.01,"**",IF(O33<0.05,"*","")) | Q33: 497 | R33: 395
A34: D. Victimización (12 meses)
A35: D. Victimización (12 meses) | B35: % víctima de al menos un delito personal (robo, hurto, estafa, fraude, agresión, amenaza, extorsión) | C35: VI_PERS | D35: Todos los encuestados | E35: 0.26647913 | F35: 0.32045507 | G35: 0.2368039 | H35: 0.28617739 | I35: =(F35-E35)*100 -> 5.3975941 | J35: =(H35-G35)*100 -> 4.9373484 | K35: =I35-J35 -> 0.46024565 | L35: 3.7786566 | M35: =K35-1.96*L35 -> -6.9459213 | N35: =K35+1.96*L35 -> 7.8664126 | O35: =2*(1-NORMSDIST(ABS(K35/L35))) -> 0.90305631 | P35: =IF(O35<0.01,"**",IF(O35<0.05,"*","")) | Q35: 510 | R35: 403
A36: D. Victimización (12 meses) | B36: % hogares con al menos un delito contra el hogar (vivienda, vehículo, moto, autopartes, negocio, secuestro) | C36: VI_HOG | D36: Todos los hogares; ítems filtrados = 0 si no aplica | E36: 0.1902156 | F36: 0.17613807 | G36: 0.13644717 | H36: 0.17196371 | I36: =(F36-E36)*100 -> -1.4077524 | J36: =(H36-G36)*100 -> 3.551654 | K36: =I36-J36 -> -4.9594064 | L36: 3.9519191 | M36: =K36-1.96*L36 -> -12.705168 | N36: =K36+1.96*L36 -> 2.7863551 | O36: =2*(1-NORMSDIST(ABS(K36/L36))) -> 0.20950192 | P36: =IF(O36<0.01,"**",IF(O36<0.05,"*","")) | Q36: 510 | R36: 403
A37: D. Victimización (12 meses) | B37: % víctima: Robo con violencia o amenaza | C37: VI_6 | D37: Todos los encuestados | E37: 0.10387936 | F37: 0.12164298 | G37: 0.092579232 | H37: 0.13063628 | I37: =(F37-E37)*100 -> 1.7763617 | J37: =(H37-G37)*100 -> 3.8057049 | K37: =I37-J37 -> -2.0293432 | L37: 2.5112819 | M37: =K37-1.96*L37 -> -6.9514558 | N37: =K37+1.96*L37 -> 2.8927693 | O37: =2*(1-NORMSDIST(ABS(K37/L37))) -> 0.41903845 | P37: =IF(O37<0.01,"**",IF(O37<0.05,"*","")) | Q37: 510 | R37: 403
A38: D. Victimización (12 meses) | B38: % víctima: Hurto (sin violencia) | C38: VI_7 | D38: Todos los encuestados | E38: 0.098291405 | F38: 0.14654315 | G38: 0.083323617 | H38: 0.11399537 | I38: =(F38-E38)*100 -> 4.8251749 | J38: =(H38-G38)*100 -> 3.0671754 | K38: =I38-J38 -> 1.7579995 | L38: 2.6697228 | M38: =K38-1.96*L38 -> -3.4746572 | N38: =K38+1.96*L38 -> 6.9906562 | O38: =2*(1-NORMSDIST(ABS(K38/L38))) -> 0.51022001 | P38: =IF(O38<0.01,"**",IF(O38<0.05,"*","")) | Q38: 510 | R38: 403
A39: D. Victimización (12 meses) | B39: % víctima: Estafa | C39: VI_8 | D39: Todos los encuestados | E39: 0.067335938 | F39: 0.079379404 | G39: 0.051280579 | H39: 0.062115131 | I39: =(F39-E39)*100 -> 1.2043466 | J39: =(H39-G39)*100 -> 1.0834552 | K39: =I39-J39 -> 0.12089141 | L39: 2.1704935 | M39: =K39-1.96*L39 -> -4.1332759 | N39: =K39+1.96*L39 -> 4.3750587 | O39: =2*(1-NORMSDIST(ABS(K39/L39))) -> 0.95558266 | P39: =IF(O39<0.01,"**",IF(O39<0.05,"*","")) | Q39: 510 | R39: 403
A40: D. Victimización (12 meses) | B40: % víctima: Fraude bancario | C40: VI_9 | D40: Todos los encuestados | E40: 0.017748151 | F40: 0.059618985 | G40: 0.033541861 | H40: 0.043671899 | I40: =(F40-E40)*100 -> 4.1870835 | J40: =(H40-G40)*100 -> 1.0130039 | K40: =I40-J40 -> 3.1740796 | L40: 1.5070392 | M40: =K40-1.96*L40 -> 0.22028267 | N40: =K40+1.96*L40 -> 6.1278765 | O40: =2*(1-NORMSDIST(ABS(K40/L40))) -> 0.035189661 | P40: =IF(O40<0.01,"**",IF(O40<0.05,"*","")) -> * | Q40: 510 | R40: 403
A41: D. Victimización (12 meses) | B41: % víctima: Agresión física por desconocido | C41: VI_11 | D41: Todos los encuestados | E41: 0.017206408 | F41: 0.039751279 | G41: 0.032724811 | H41: 0.038625087 | I41: =(F41-E41)*100 -> 2.2544871 | J41: =(H41-G41)*100 -> 0.59002762 | K41: =I41-J41 -> 1.6644595 | L41: 1.3441089 | M41: =K41-1.96*L41 -> -0.9699939 | N41: =K41+1.96*L41 -> 4.2989129 | O41: =2*(1-NORMSDIST(ABS(K41/L41))) -> 0.2155912 | P41: =IF(O41<0.01,"**",IF(O41<0.05,"*","")) | Q41: 510 | R41: 403
A42: D. Victimización (12 meses) | B42: % víctima: Amenaza creíble | C42: VI_12 | D42: Todos los encuestados | E42: 0.044277921 | F42: 0.069668058 | G42: 0.039734438 | H42: 0.049748495 | I42: =(F42-E42)*100 -> 2.5390137 | J42: =(H42-G42)*100 -> 1.0014057 | K42: =I42-J42 -> 1.537608 | L42: 2.0069474 | M42: =K42-1.96*L42 -> -2.396009 | N42: =K42+1.96*L42 -> 5.4712249 | O42: =2*(1-NORMSDIST(ABS(K42/L42))) -> 0.44359143 | P42: =IF(O42<0.01,"**",IF(O42<0.05,"*","")) | Q42: 510 | R42: 403
A43: D. Victimización (12 meses) | B43: % víctima: Extorsión | C43: VI_13 | D43: Todos los encuestados | E43: 0.0015423547 | F43: 0.022435588 | G43: 0.010719527 | H43: 0.011597407 | I43: =(F43-E43)*100 -> 2.0893233 | J43: =(H43-G43)*100 -> 0.087787975 | K43: =I43-J43 -> 2.0015354 | L43: 0.81057037 | M43: =K43-1.96*L43 -> 0.41281743 | N43: =K43+1.96*L43 -> 3.5902533 | O43: =2*(1-NORMSDIST(ABS(K43/L43))) -> 0.01353805 | P43: =IF(O43<0.01,"**",IF(O43<0.05,"*","")) -> * | Q43: 510 | R43: 403
A44: D. Victimización (12 meses) | B44: % víctima: Pago de soborno a funcionario | C44: VI_10 | D44: Todos los encuestados | E44: 0.025006657 | F44: 0.024796882 | G44: 0.01308366 | H44: 0.018732181 | I44: =(F44-E44)*100 -> -0.020977494 | J44: =(H44-G44)*100 -> 0.56485217 | K44: =I44-J44 -> -0.58582967 | L44: 1.4128053 | M44: =K44-1.96*L44 -> -3.3549281 | N44: =K44+1.96*L44 -> 2.1832687 | O44: =2*(1-NORMSDIST(ABS(K44/L44))) -> 0.67839299 | P44: =IF(O44<0.01,"**",IF(O44<0.05,"*","")) | Q44: 510 | R44: 403
A45: D. Victimización (12 meses) | B45: % víctima: Robo a la vivienda | C45: VI_4 | D45: Todos los hogares | E45: 0.11145558 | F45: 0.062103575 | G45: 0.062318241 | H45: 0.05954069 | I45: =(F45-E45)*100 -> -4.9352009 | J45: =(H45-G45)*100 -> -0.27775512 | K45: =I45-J45 -> -4.6574458 | L45: 3.5386074 | M45: =K45-1.96*L45 -> -11.593116 | N45: =K45+1.96*L45 -> 2.2782248 | O45: =2*(1-NORMSDIST(ABS(K45/L45))) -> 0.1881135 | P45: =IF(O45<0.01,"**",IF(O45<0.05,"*","")) | Q45: 503 | R45: 401
A46: D. Victimización (12 meses) | B46: % víctima: Secuestro (algún miembro del hogar) | C46: VI_14 | D46: Todos los hogares | E46: 0.0060326534 | F46: 0.0024645882 | G46: 0.0086642765 | H46: 0.0052537644 | I46: =(F46-E46)*100 -> -0.35680652 | J46: =(H46-G46)*100 -> -0.34105122 | K46: =I46-J46 -> -0.015755306 | L46: 0.48825523 | M46: =K46-1.96*L46 -> -0.97273555 | N46: =K46+1.96*L46 -> 0.94122494 | O46: =2*(1-NORMSDIST(ABS(K46/L46))) -> 0.97425786 | P46: =IF(O46<0.01,"**",IF(O46<0.05,"*","")) | Q46: 510 | R46: 403
... A50: D. Victimización (12 meses) | B50: % víctima: Robo a negocio en la vivienda (hogares con negocio) | C50: VI_5_1 | D50: Solo hogares a los que aplica el filtro | E50: 0.30948926 | F50: 0.22516166 | G50: 0.18178509 | H50: 0.22155194 | I50: =(F50-E50)*100 -> -8.4327597 | J50: =(H50-G50)*100 -> 3.9766858 | K50: =I50-J50 -> -12.409446 | L50: 13.316809 | M50: =K50-1.96*L50 -> -38.510391 | N50: =K50+1.96*L50 -> 13.6915 | O50: =2*(1-NORMSDIST(ABS(K50/L50))) -> 0.35140718 | P50: =IF(O50<0.01,"**",IF(O50<0.05,"*","")) | Q50: 84 | R50: 53
A51: E. Confianza institucional
A52: E. Confianza institucional | B52: % confía en: Policía Nacional | C52: CIE_4_1 | D52: Solo quienes dicen conocer sus funciones | E52: 0.47069461 | F52: 0.55713663 | G52: 0.46292833 | H52: 0.47028318 | I52: =(F52-E52)*100 -> 8.6442028 | J52: =(H52-G52)*100 -> 0.73548495 | K52: =I52-J52 -> 7.9087178 | L52: 4.9216186 | M52: =K52-1.96*L52 -> -1.7376546 | N52: =K52+1.96*L52 -> 17.55509 | O52: =2*(1-NORMSDIST(ABS(K52/L52))) -> 0.10806878 | P52: =IF(O52<0.01,"**",IF(O52<0.05,"*","")) | Q52: 386 | R52: 350 | S52: La proporción que conoce la institución cambió mucho entre olas: base no comparable
A53: E. Confianza institucional | B53: % confía en: Fuerzas Armadas | C53: CIE_5_1 | D53: Solo quienes dicen conocer sus funciones | E53: 0.7939512 | F53: 0.7420188 | G53: 0.74488598 | H53: 0.70209218 | I53: =(F53-E53)*100 -> -5.1932402 | J53: =(H53-G53)*100 -> -4.2793792 | K53: =I53-J53 -> -0.91386101 | L53: 4.1311136 | M53: =K53-1.96*L53 -> -9.0108437 | N53: =K53+1.96*L53 -> 7.1831217 | O53: =2*(1-NORMSDIST(ABS(K53/L53))) -> 0.82492565 | P53: =IF(O53<0.01,"**",IF(O53<0.05,"*","")) | Q53: 370 | R53: 330 | S53: La proporción que conoce la institución cambió mucho entre olas: base no comparable
A54: E. Confianza institucional | B54: % confía en: Fiscalía | C54: CIE_3_1 | D54: Solo quienes dicen conocer sus funciones | E54: 0.54335264 | F54: 0.33940295 | G54: 0.43275406 | H54: 0.28733297 | I54: =(F54-E54)*100 -> -20.394969 | J54: =(H54-G54)*100 -> -14.542109 | K54: =I54-J54 -> -5.8528598 | L54: 7.0162997 | M54: =K54-1.96*L54 -> -19.604807 | N54: =K54+1.96*L54 -> 7.8990877 | O54: =2*(1-NORMSDIST(ABS(K54/L54))) -> 0.40417933 | P54: =IF(O54<0.01,"**",IF(O54<0.05,"*","")) | Q54: 185 | R54: 262 | S54: La proporción que conoce la institución cambió mucho entre olas: base no comparable
A55: E. Confianza institucional | B55: % confía en: Juzgados y cortes | C55: CIE_1_1 | D55: Solo quienes dicen conocer sus funciones | E55: 0.49387854 | F55: 0.30246119 | G55: 0.40064874 | H55: 0.23348256 | I55: =(F55-E55)*100 -> -19.141734 | J55: =(H55-G55)*100 -> -16.716618 | K55: =I55-J55 -> -2.4251159 | L55: 7.0909278 | M55: =K55-1.96*L55 -> -16.323334 | N55: =K55+1.96*L55 -> 11.473103 | O55: =2*(1-NORMSDIST(ABS(K55/L55))) -> 0.73234892 | P55: =IF(O55<0.01,"**",IF(O55<0.05,"*","")) | Q55: 136 | R55: 149 | S55: La proporción que conoce la institución cambió mucho entre olas: base no comparable
A56: E. Confianza institucional | B56: % confía en: ECU 911 | C56: CIE_2_1 | D56: Solo quienes dicen conocer sus funciones | E56: 0.65643199 | F56: 0.65546588 | G56: 0.58094076 | H56: 0.51460145 | I56: =(F56-E56)*100 -> -0.096611255 | J56: =(H56-G56)*100 -> -6.6339313 | K56: =I56-J56 -> 6.53732 | L56: 4.4790475 | M56: =K56-1.96*L56 -> -2.241613 | N56: =K56+1.96*L56 -> 15.316253 | O56: =2*(1-NORMSDIST(ABS(K56/L56))) -> 0.14441831 | P56: =IF(O56<0.01,"**",IF(O56<0.05,"*","")) | Q56: 366 | R56: 337 | S56: La proporción que conoce la institución cambió mucho entre olas: base no comparable
A57: E. Confianza institucional | B57: % confía en: Agentes de Control Metropolitano (CACMQ) | C57: CIM_4_1 | D57: Solo quienes dicen conocer sus funciones | E57: 0.44481858 | F57: 0.49286505 | G57: 0.47476726 | H57: 0.41741305 | I57: =(F57-E57)*100 -> 4.8046472 | J57: =(H57-G57)*100 -> -5.7354215 | K57: =I57-J57 -> 10.540069 | L57: 6.5715798 | M57: =K57-1.96*L57 -> -2.3402277 | N57: =K57+1.96*L57 -> 23.420365 | O57: =2*(1-NORMSDIST(ABS(K57/L57))) -> 0.10873905 | P57: =IF(O57<0.01,"**",IF(O57<0.05,"*","")) | Q57: 214 | R57: 225 | S57: La proporción que conoce la institución cambió mucho entre olas: base no comparable
A58: E. Confianza institucional | B58: % confía en: Secretaría de Seguridad (municipal) | C58: CIM_5_1 | D58: Solo quienes dicen conocer sus funciones | E58: 0.68828105 | F58: 0.6377224 | G58: 0.70142607 | H58: 0.61930246 | I58: =(F58-E58)*100 -> -5.0558658 | J58: =(H58-G58)*100 -> -8.2123609 | K58: =I58-J58 -> 3.1564951 | L58: 6.9024247 | M58: =K58-1.96*L58 -> -10.372257 | N58: =K58+1.96*L58 -> 16.685247 | O58: =2*(1-NORMSDIST(ABS(K58/L58))) -> 0.64745374 | P58: =IF(O58<0.01,"**",IF(O58<0.05,"*","")) | Q58: 135 | R58: 163 | S58: La proporción que conoce la institución cambió mucho entre olas: base no comparable
A59: F. Cambios de hábitos por inseguridad
A60: F. Cambios de hábitos por inseguridad | B60: % redujo la frecuencia de: Salir de noche | C60: CH_1 | D60: Excluye Ns/Nc y No aplica | E60: 0.65792853 | F60: 0.62407211 | G60: 0.68671831 | H60: 0.63229803 | I60: =(F60-E60)*100 -> -3.3856428 | J60: =(H60-G60)*100 -> -5.442028 | K60: =I60-J60 -> 2.0563852 | L60: 4.9129999 | M60: =K60-1.96*L60 -> -7.5730946 | N60: =K60+1.96*L60 -> 11.685865 | O60: =2*(1-NORMSDIST(ABS(K60/L60))) -> 0.67553774 | P60: =IF(O60<0.01,"**",IF(O60<0.05,"*","")) | Q60: 396 | R60: 348
A61: F. Cambios de hábitos por inseguridad | B61: % redujo la frecuencia de: Visitar espacios recreativos públicos | C61: CH_2 | D61: Excluye Ns/Nc y No aplica | E61: 0.54035339 | F61: 0.50870526 | G61: 0.58419526 | H61: 0.49190937 | I61: =(F61-E61)*100 -> -3.1648134 | J61: =(H61-G61)*100 -> -9.2285888 | K61: =I61-J61 -> 6.0637754 | L61: 4.7173754 | M61: =K61-1.96*L61 -> -3.1822804 | N61: =K61+1.96*L61 -> 15.309831 | O61: =2*(1-NORMSDIST(ABS(K61/L61))) -> 0.19864802 | P61: =IF(O61<0.01,"**",IF(O61<0.05,"*","")) | Q61: 414 | R61: 358
A62: F. Cambios de hábitos por inseguridad | B62: % redujo la frecuencia de: Dejar salir solos a hijos menores | C62: CH_3 | D62: Excluye Ns/Nc y No aplica | E62: 0.78390189 | F62: 0.69802519 | G62: 0.78965726 | H62: 0.72267712 | I62: =(F62-E62)*100 -> -8.5876703 | J62: =(H62-G62)*100 -> -6.6980147 | K62: =I62-J62 -> -1.8896556 | L62: 5.3112276 | M62: =K62-1.96*L62 -> -12.299662 | N62: =K62+1.96*L62 -> 8.5203505 | O62: =2*(1-NORMSDIST(ABS(K62/L62))) -> 0.72200152 | P62: =IF(O62<0.01,"**",IF(O62<0.05,"*","")) | Q62: 179 | R62: 222
A63: F. Cambios de hábitos por inseguridad | B63: % redujo la frecuencia de: Visitar lugares turísticos | C63: CH_4 | D63: Excluye Ns/Nc y No aplica | E63: 0.5659605 | F63: 0.5227577 | G63: 0.58310376 | H63: 0.54116445 | I63: =(F63-E63)*100 -> -4.3202796 | J63: =(H63-G63)*100 -> -4.1939308 | K63: =I63-J63 -> -0.12634888 | L63: 4.8375477 | M63: =K63-1.96*L63 -> -9.6079423 | N63: =K63+1.96*L63 -> 9.3552445 | O63: =2*(1-NORMSDIST(ABS(K63/L63))) -> 0.97916292 | P63: =IF(O63<0.01,"**",IF(O63<0.05,"*","")) | Q63: 393 | R63: 346
A64: F. Cambios de hábitos por inseguridad | B64: % redujo la frecuencia de: Asistir a eventos culturales/deportivos | C64: CH_5 | D64: Excluye Ns/Nc y No aplica | E64: 0.57756481 | F64: 0.60508607 | G64: 0.65665644 | H64: 0.58768676 | I64: =(F64-E64)*100 -> 2.752126 | J64: =(H64-G64)*100 -> -6.8969674 | K64: =I64-J64 -> 9.6490934 | L64: 5.5193817 | M64: =K64-1.96*L64 -> -1.1688947 | N64: =K64+1.96*L64 -> 20.467081 | O64: =2*(1-NORMSDIST(ABS(K64/L64))) -> 0.08042594 | P64: =IF(O64<0.01,"**",IF(O64<0.05,"*","")) | Q64: 307 | R64: 299
A65: F. Cambios de hábitos por inseguridad | B65: % redujo la frecuencia de: Caminar por el barrio | C65: CH_6 | D65: Excluye Ns/Nc y No aplica | E65: 0.59822285 | F65: 0.36390729 | G65: 0.54934558 | H65: 0.38508089 | I65: =(F65-E65)*100 -> -23.431556 | J65: =(H65-G65)*100 -> -16.426468 | K65: =I65-J65 -> -7.0050878 | L65: 4.4340821 | M65: =K65-1.96*L65 -> -15.695889 | N65: =K65+1.96*L65 -> 1.6857131 | O65: =2*(1-NORMSDIST(ABS(K65/L65))) -> 0.11414622 | P65: =IF(O65<0.01,"**",IF(O65<0.05,"*","")) | Q65: 416 | R65: 398 | S65: "No aplica" cae de 17% a 2% entre olas: base no comparable
A66: F. Cambios de hábitos por inseguridad | B66: % participa en iniciativas barriales de seguridad | C66: SP_5 | D66: Todos los encuestados | E66: 0.37396524 | F66: 0.26561426 | G66: 0.3768597 | H66: 0.30493058 | I66: =(F66-E66)*100 -> -10.835098 | J66: =(H66-G66)*100 -> -7.1929123 | K66: =I66-J66 -> -3.6421862 | L66: 4.2247853 | M66: =K66-1.96*L66 -> -11.922765 | N66: =K66+1.96*L66 -> 4.6383929 | O66: =2*(1-NORMSDIST(ABS(K66/L66))) -> 0.38863264 | P66: =IF(O66<0.01,"**",IF(O66<0.05,"*","")) | Q66: 510 | R66: 403
A68: Azul: insumos calculados en Python (medias ponderadas y EE de la regresión). Negro: fórmulas.

Sheet La Mariscal
A1: La Mariscal vs. resto del DMQ: cambio 2023-2024 → 2025-2026
A2: Proporciones ponderadas (peso_az_estrato). DiD = cambio AZ − cambio resto. EE robusto HC1. El signo describe la dirección del indicador, sin valoración.
A4: Bloque | B4: Indicador | C4: Código | D4: Base | E4: AZ 2023 | F4: AZ 2025 | G4: Resto 2023 | H4: Resto 2025 | I4: Cambio AZ (pp) | J4: Cambio resto (pp) | K4: DiD (pp) | L4: EE (pp) | M4: IC95 inf (pp) | N4: IC95 sup (pp) | O4: Valor p | P4: Sig. | Q4: n AZ 2023 | R4: n AZ 2025 | S4: Advertencia
A5: A. Percepción de inseguridad
A6: A. Percepción de inseguridad | B6: % se siente inseguro: Alrededor de su casa | C6: PSC_1 | D6: Excluye "No aplica" | E6: 0.60332111 | F6: 0.49617216 | G6: 0.56157806 | H6: 0.55837588 | I6: =(F6-E6)*100 -> -10.714895 | J6: =(H6-G6)*100 -> -0.32021762 | K6: =I6-J6 -> -10.394678 | L6: 5.5724629 | M6: =K6-1.96*L6 -> -21.316705 | N6: =K6+1.96*L6 -> 0.52734965 | O6: =2*(1-NORMSDIST(ABS(K6/L6))) -> 0.06213025 | P6: =IF(O6<0.01,"**",IF(O6<0.05,"*","")) | Q6: 234 | R6: 310
A7: A. Percepción de inseguridad | B7: % se siente inseguro: En su barrio | C7: PSC_2 | D7: Excluye "No aplica" | E7: 0.71513763 | F7: 0.61980707 | G7: 0.63801118 | H7: 0.68486485 | I7: =(F7-E7)*100 -> -9.5330568 | J7: =(H7-G7)*100 -> 4.6853673 | K7: =I7-J7 -> -14.218424 | L7: 5.0283094 | M7: =K7-1.96*L7 -> -24.07391 | N7: =K7+1.96*L7 -> -4.3629377 | O7: =2*(1-NORMSDIST(ABS(K7/L7))) -> 0.00468874 | P7: =IF(O7<0.01,"**",IF(O7<0.05,"*","")) -> ** | Q7: 234 | R7: 311
A8: A. Percepción de inseguridad | B8: % se siente inseguro: Cerca de centros educativos | C8: PSC_4 | D8: Excluye "No aplica" | E8: 0.61033948 | F8: 0.56726476 | G8: 0.60685445 | H8: 0.56477868 | I8: =(F8-E8)*100 -> -4.3074714 | J8: =(H8-G8)*100 -> -4.2075776 | K8: =I8-J8 -> -0.099893807 | L8: 5.767574 | M8: =K8-1.96*L8 -> -11.404339 | N8: =K8+1.96*L8 -> 11.204551 | O8: =2*(1-NORMSDIST(ABS(K8/L8))) -> 0.98618141 | P8: =IF(O8<0.01,"**",IF(O8<0.05,"*","")) | Q8: 214 | R8: 271
A9: A. Percepción de inseguridad | B9: % se siente inseguro: Mercados y ferias | C9: PSC_5 | D9: Excluye "No aplica" | E9: 0.76040094 | F9: 0.7172252 | G9: 0.77097096 | H9: 0.72505753 | I9: =(F9-E9)*100 -> -4.3175749 | J9: =(H9-G9)*100 -> -4.5913433 | K9: =I9-J9 -> 0.27376835 | L9: 4.9853592 | M9: =K9-1.96*L9 -> -9.4975356 | N9: =K9+1.96*L9 -> 10.045072 | O9: =2*(1-NORMSDIST(ABS(K9/L9))) -> 0.9562066 | P9: =IF(O9<0.01,"**",IF(O9<0.05,"*","")) | Q9: 217 | R9: 271
A10: A. Percepción de inseguridad | B10: % se siente inseguro: Cajeros en vía pública | C10: PSC_6 | D10: Excluye "No aplica" | E10: 0.79080535 | F10: 0.76525181 | G10: 0.79534502 | H10: 0.79230826 | I10: =(F10-E10)*100 -> -2.5553533 | J10: =(H10-G10)*100 -> -0.30367669 | K10: =I10-J10 -> -2.2516766 | L10: 4.9111361 | M10: =K10-1.96*L10 -> -11.877503 | N10: =K10+1.96*L10 -> 7.3741502 | O10: =2*(1-NORMSDIST(ABS(K10/L10))) -> 0.64660486 | P10: =IF(O10<0.01,"**",IF(O10<0.05,"*","")) | Q10: 198 | R10: 258
A11: A. Percepción de inseguridad | B11: % se siente inseguro: Espacios públicos de la ciudad | C11: PSC_7 | D11: Excluye "No aplica" | E11: 0.78782521 | F11: 0.68723566 | G11: 0.79874922 | H11: 0.78582851 | I11: =(F11-E11)*100 -> -10.058956 | J11: =(H11-G11)*100 -> -1.2920705 | K11: =I11-J11 -> -8.7668851 | L11: 4.9117971 | M11: =K11-1.96*L11 -> -18.394007 | N11: =K11+1.96*L11 -> 0.86023727 | O11: =2*(1-NORMSDIST(ABS(K11/L11))) -> 0.074283537 | P11: =IF(O11<0.01,"**",IF(O11<0.05,"*","")) | Q11: 224 | R11: 303
A12: A. Percepción de inseguridad | B12: % se siente inseguro: Metro de Quito | C12: PSC_8 | D12: Excluye "No aplica" | E12: 0.37017915 | F12: 0.11327672 | G12: 0.29250794 | H12: 0.15527225 | I12: =(F12-E12)*100 -> -25.690242 | J12: =(H12-G12)*100 -> -13.723569 | K12: =I12-J12 -> -11.966673 | L12: 5.244315 | M12: =K12-1.96*L12 -> -22.245531 | N12: =K12+1.96*L12 -> -1.6878161 | O12: =2*(1-NORMSDIST(ABS(K12/L12))) -> 0.022498949 | P12: =IF(O12<0.01,"**",IF(O12<0.05,"*","")) -> * | Q12: 187 | R12: 259
A13: A. Percepción de inseguridad | B13: % se siente inseguro: Trole, Ecovía, corredores | C13: PSC_9 | D13: Excluye "No aplica" | E13: 0.90396204 | F13: 0.8133559 | G13: 0.85199319 | H13: 0.79074418 | I13: =(F13-E13)*100 -> -9.0606147 | J13: =(H13-G13)*100 -> -6.1249014 | K13: =I13-J13 -> -2.9357133 | L13: 3.6665725 | M13: =K13-1.96*L13 -> -10.122195 | N13: =K13+1.96*L13 -> 4.2507688 | O13: =2*(1-NORMSDIST(ABS(K13/L13))) -> 0.42332292 | P13: =IF(O13<0.01,"**",IF(O13<0.05,"*","")) | Q13: 209 | R13: 279
A14: A. Percepción de inseguridad | B14: % se siente inseguro: Taxis amarillos | C14: PSC_11 | D14: Excluye "No aplica" | E14: 0.65493936 | F14: 0.39010997 | G14: 0.69033898 | H14: 0.52198356 | I14: =(F14-E14)*100 -> -26.482939 | J14: =(H14-G14)*100 -> -16.835541 | K14: =I14-J14 -> -9.6473978 | L14: 5.5321177 | M14: =K14-1.96*L14 -> -20.490348 | N14: =K14+1.96*L14 -> 1.1955528 | O14: =2*(1-NORMSDIST(ABS(K14/L14))) -> 0.081178489 | P14: =IF(O14<0.01,"**",IF(O14<0.05,"*","")) | Q14: 205 | R14: 273
A15: A. Percepción de inseguridad | B15: % se siente inseguro: Transporte por aplicaciones | C15: PSC_12 | D15: Excluye "No aplica" | E15: 0.57355555 | F15: 0.24982516 | G15: 0.59199102 | H15: 0.38515884 | I15: =(F15-E15)*100 -> -32.373039 | J15: =(H15-G15)*100 -> -20.683218 | K15: =I15-J15 -> -11.689821 | L15: 5.6485859 | M15: =K15-1.96*L15 -> -22.761049 | N15: =K15+1.96*L15 -> -0.6185924 | O15: =2*(1-NORMSDIST(ABS(K15/L15))) -> 0.038497992 | P15: =IF(O15<0.01,"**",IF(O15<0.05,"*","")) -> * | Q15: 189 | R15: 272
A16: A. Percepción de inseguridad | B16: % se siente inseguro: Espectáculos públicos | C16: PSC_13 | D16: Excluye "No aplica" | E16: 0.74807614 | F16: 0.57507879 | G16: 0.69569594 | H16: 0.65589219 | I16: =(F16-E16)*100 -> -17.299735 | J16: =(H16-G16)*100 -> -3.9803751 | K16: =I16-J16 -> -13.31936 | L16: 5.8581325 | M16: =K16-1.96*L16 -> -24.8013 | N16: =K16+1.96*L16 -> -1.8374203 | O16: =2*(1-NORMSDIST(ABS(K16/L16))) -> 0.022986863 | P16: =IF(O16<0.01,"**",IF(O16<0.05,"*","")) -> * | Q16: 180 | R16: 232
A17: A. Percepción de inseguridad | B17: % se siente inseguro: Caminando solo/a en el barrio de día | C17: PSC_14 | D17: Excluye "No aplica" | E17: 0.50303153 | F17: 0.36486831 | G17: 0.49949115 | H17: 0.42251281 | I17: =(F17-E17)*100 -> -13.816321 | J17: =(H17-G17)*100 -> -7.6978349 | K17: =I17-J17 -> -6.1184866 | L17: 5.3246653 | M17: =K17-1.96*L17 -> -16.554831 | N17: =K17+1.96*L17 -> 4.3178575 | O17: =2*(1-NORMSDIST(ABS(K17/L17))) -> 0.25052144 | P17: =IF(O17<0.01,"**",IF(O17<0.05,"*","")) | Q17: 230 | R17: 307
A18: A. Percepción de inseguridad | B18: % se siente inseguro: Caminando solo/a en el barrio de noche | C18: PSC_15 | D18: Excluye "No aplica" | E18: 0.85794989 | F18: 0.88113681 | G18: 0.83508315 | H18: 0.87014072 | I18: =(F18-E18)*100 -> 2.3186921 | J18: =(H18-G18)*100 -> 3.5057577 | K18: =I18-J18 -> -1.1870655 | L18: 3.7690796 | M18: =K18-1.96*L18 -> -8.5744615 | N18: =K18+1.96*L18 -> 6.2003304 | O18: =2*(1-NORMSDIST(ABS(K18/L18))) -> 0.75280084 | P18: =IF(O18<0.01,"**",IF(O18<0.05,"*","")) | Q18: 218 | R18: 293
A19: B. Evolución percibida de la delincuencia
A20: B. Evolución percibida de la delincuencia | B20: % cree que la delincuencia aumentó en su barrio | C20: PSC_16 | D20: Excluye "No aplica" | E20: 0.66836528 | F20: 0.54161927 | G20: 0.57727657 | H20: 0.5131486 | I20: =(F20-E20)*100 -> -12.674601 | J20: =(H20-G20)*100 -> -6.412797 | K20: =I20-J20 -> -6.261804 | L20: 5.3105723 | M20: =K20-1.96*L20 -> -16.670526 | N20: =K20+1.96*L20 -> 4.1469178 | O20: =2*(1-NORMSDIST(ABS(K20/L20))) -> 0.23835025 | P20: =IF(O20<0.01,"**",IF(O20<0.05,"*","")) | Q20: 232 | R20: 306
A21: B. Evolución percibida de la delincuencia | B21: % cree que la delincuencia aumentó en Quito | C21: PSC_17 | D21: Excluye "No aplica" | E21: 0.93154386 | F21: 0.87075395 | G21: 0.90698357 | H21: 0.87668003 | I21: =(F21-E21)*100 -> -6.078991 | J21: =(H21-G21)*100 -> -3.0303538 | K21: =I21-J21 -> -3.0486372 | L21: 2.9589186 | M21: =K21-1.96*L21 -> -8.8481177 | N21: =K21+1.96*L21 -> 2.7508433 | O21: =2*(1-NORMSDIST(ABS(K21/L21))) -> 0.30285915 | P21: =IF(O21<0.01,"**",IF(O21<0.05,"*","")) | Q21: 234 | R21: 308
A22: B. Evolución percibida de la delincuencia | B22: % cree que la delincuencia aumentó en el país | C22: PSC_18 | D22: Excluye "No aplica" | E22: 0.95439237 | F22: 0.94067258 | G22: 0.95134535 | H22: 0.91339292 | I22: =(F22-E22)*100 -> -1.3719798 | J22: =(H22-G22)*100 -> -3.7952423 | K22: =I22-J22 -> 2.4232625 | L22: 2.3141778 | M22: =K22-1.96*L22 -> -2.1125259 | N22: =K22+1.96*L22 -> 6.9590509 | O22: =2*(1-NORMSDIST(ABS(K22/L22))) -> 0.29503614 | P22: =IF(O22<0.01,"**",IF(O22<0.05,"*","")) | Q22: 235 | R22: 309
A23: C. Problemas percibidos en el barrio
A24: C. Problemas percibidos en el barrio | B24: % reporta: Peleas o riñas | C24: CC_1 | D24: Excluye Ns/Nc | E24: 0.62884369 | F24: 0.58826725 | G24: 0.50222068 | H24: 0.53489039 | I24: =(F24-E24)*100 -> -4.0576435 | J24: =(H24-G24)*100 -> 3.2669715 | K24: =I24-J24 -> -7.324615 | L24: 5.3803994 | M24: =K24-1.96*L24 -> -17.870198 | N24: =K24+1.96*L24 -> 3.2209679 | O24: =2*(1-NORMSDIST(ABS(K24/L24))) -> 0.17340263 | P24: =IF(O24<0.01,"**",IF(O24<0.05,"*","")) | Q24: 231 | R24: 305
A25: C. Problemas percibidos en el barrio | B25: % reporta: Pandillas o grupos delictivos | C25: CC_2 | D25: Excluye Ns/Nc | E25: 0.41092361 | F25: 0.35632844 | G25: 0.41391698 | H25: 0.46430617 | I25: =(F25-E25)*100 -> -5.4595166 | J25: =(H25-G25)*100 -> 5.0389187 | K25: =I25-J25 -> -10.498435 | L25: 5.592995 | M25: =K25-1.96*L25 -> -21.460706 | N25: =K25+1.96*L25 -> 0.46383493 | O25: =2*(1-NORMSDIST(ABS(K25/L25))) -> 0.060508693 | P25: =IF(O25<0.01,"**",IF(O25<0.05,"*","")) | Q25: 227 | R25: 298
A26: C. Problemas percibidos en el barrio | B26: % reporta: Consumo de alcohol en espacio público | C26: CC_3 | D26: Excluye Ns/Nc | E26: 0.7759778 | F26: 0.82144782 | G26: 0.71868482 | H26: 0.75724386 | I26: =(F26-E26)*100 -> 4.5470016 | J26: =(H26-G26)*100 -> 3.8559043 | K26: =I26-J26 -> 0.69109727 | L26: 5.3786091 | M26: =K26-1.96*L26 -> -9.8509766 | N26: =K26+1.96*L26 -> 11.233171 | O26: =2*(1-NORMSDIST(ABS(K26/L26))) -> 0.89776124 | P26: =IF(O26<0.01,"**",IF(O26<0.05,"*","")) | Q26: 233 | R26: 309
